timestamp,x,y,z
30185,-5.62,32.47,-5.92
30388,-0.73,22.03,5.8
30592,-1.89,-10.62,-3.54
30797,-2.01,0.18,-3.78
31001,10.93,0.12,-6.65
31206,-9.09,17.88,-1.59
31410,14.04,0.49,-0.61
31613,-16.05,22.71,-2.2
31818,-1.83,27.04,-3.11
32020,68.66,3.11,-1.89
32224,-26.43,4.88,-2.01
32428,-53.04,11.72,-2.81
32632,-10.19,1.1,-0.49
32837,-20.94,2.99,-0.92
33039,0.55,0.49,-0.67
33243,-0.92,22.64,-3.3
33447,4.64,0.31,-0.67
33652,-1.16,0.24,-0.37
33855,2.93,-1.4,-0.12
34058,-0.12,0.31,-0.49
34260,2.14,0.31,-0.43
34464,1.22,0.31,-0.61
34668,-1.53,1.34,-0.67
34872,0.49,4.27,-1.04
35075,0.31,0.12,-0.49
35279,1.59,-0.12,-0.49
35481,1.16,0.18,-0.55
35685,-3.23,-0.79,0.0
35888,2.38,-1.46,-0.06
36093,0.43,0.24,-0.55
36297,2.14,-1.34,-0.37
36499,1.53,-0.18,-0.43
36704,2.62,0.24,-0.55
36906,4.21,-2.08,-0.18
37110,2.08,0.31,-0.49
37314,-1.22,0.24,-0.43
37517,3.91,0.43,-0.98
37720,-2.01,0.24,-0.61
37923,-4.7,0.18,-0.37
38126,1.4,0.31,-0.55
38330,3.48,-1.83,-0.12
38534,5.07,-0.31,-0.31
38737,0.49,0.24,-0.61
38939,-1.65,0.06,-0.55
39142,0.49,0.24,-0.55
39345,-1.1,0.24,-0.49
39548,0.18,0.12,-0.43
39750,1.46,15.56,-0.61
39953,-0.55,-0.12,-0.31
40156,0.61,-0.73,-0.37
40359,0.0,-0.18,-0.31
40562,-0.55,0.06,-0.49
40765,-0.92,0.24,-0.37
40967,-25.39,5.74,-1.16
41170,0.73,-0.73,-0.12
41374,0.06,-2.62,-0.31
41577,-0.18,-2.62,-0.31
41781,0.0,-2.81,-0.31
41985,0.37,0.18,-0.49
42188,0.49,-0.92,-0.37
42392,0.43,-0.49,-0.37
42595,0.43,0.06,-0.49
42799,0.43,0.24,-0.55
43002,0.49,0.31,-0.49
43205,0.43,0.24,-0.49
43408,0.43,0.24,-0.49
43610,0.43,2.01,-0.85
43814,2.5,0.06,-0.43
44017,-4.39,7.08,-1.53
44220,-0.12,0.24,-0.49
44424,0.49,0.31,-0.55
44628,1.22,0.24,-0.49
44830,0.79,0.31,-0.61
45034,0.79,0.24,-0.49
45237,0.06,0.31,-0.49
45440,0.79,0.24,-0.55
45642,-0.43,0.24,-0.55
45845,0.67,0.31,-0.55
46049,0.43,0.24,-0.49
46251,1.77,0.24,-0.55
46455,0.06,0.31,-0.55
46658,0.49,0.24,-0.49
46862,0.73,0.31,-0.55
47064,0.37,0.24,-0.49
47268,0.43,0.24,-0.49
47470,-0.12,0.31,-0.55
47673,0.06,0.31,-0.49
47876,0.43,0.24,-0.55
48080,0.67,0.24,-0.55
48283,-0.31,0.24,-0.49
48487,1.16,0.24,-0.43
48690,0.37,0.31,-0.49
48893,-0.73,0.24,-0.49
49096,0.37,-1.1,-0.37
49300,0.18,0.06,-0.49
49503,0.55,0.24,-0.49
49706,-0.73,0.24,-0.55
49909,0.92,0.24,-0.55
50113,0.24,0.31,-0.49
50316,0.0,0.24,-0.49
50518,0.67,0.24,-0.49
50722,0.61,0.24,-0.49
50926,0.61,0.24,-0.49
51129,0.37,1.22,-0.61
51332,0.37,0.49,-0.55
51535,0.43,0.24,-0.49
51739,0.43,0.24,-0.55
51943,0.43,0.31,-0.49
52147,0.43,0.49,-0.55
52350,0.43,0.24,-0.49
52554,0.43,0.24,-0.49
52758,0.43,0.18,-0.49
52961,0.43,0.31,-0.49
53163,0.37,0.24,-0.49
53366,2.14,-0.12,-0.49
53569,0.49,-0.85,-0.31
53772,0.43,0.31,-0.55
53974,0.49,0.24,-0.49
54178,0.49,0.24,-0.49
54380,0.61,0.24,-0.49
54583,0.37,0.24,-0.55
54785,0.55,0.18,-0.55
54988,0.43,0.31,-0.49
55190,1.1,0.24,-0.49
55393,0.98,0.06,-0.43
55595,-0.37,0.18,-0.49
55798,0.06,0.24,-0.49
56000,0.43,0.31,-0.49
56203,0.55,0.0,-0.43
56406,0.43,0.24,-0.49
56609,0.37,0.31,-0.55
56811,0.67,-2.2,-0.18
57014,2.75,0.12,-0.49
57217,4.94,-0.85,-0.31
57420,-0.67,-3.97,0.73
57624,1.28,0.31,-0.49
57828,1.04,0.43,-0.61
58031,-11.11,7.14,-1.46
58234,0.37,0.37,-0.55
58437,0.24,0.12,-0.61
58639,-0.37,4.46,-1.28
58842,0.31,0.43,-0.73
59044,0.43,0.24,-0.55
59247,0.43,0.24,-0.61
59450,0.49,0.24,-0.49
59652,0.43,0.31,-0.55
59856,0.37,0.31,-0.61
60058,0.37,0.37,-0.55
60261,0.61,0.18,-0.43
60464,0.43,0.24,-0.49
60667,0.49,0.31,-0.49
60870,0.43,0.24,-0.55
61072,0.43,0.24,-0.55
61274,0.43,0.24,-0.55
61478,0.49,-0.61,-0.49
61680,0.43,0.31,-0.61
61883,0.49,0.31,-0.49
62085,0.43,0.24,-0.49
62289,0.49,0.24,-0.55
62492,0.49,0.24,-0.49
62696,0.43,0.24,-0.55
62899,0.55,0.24,-0.55
63103,0.43,0.24,-0.55
63307,0.43,0.24,-0.55
63510,0.37,0.24,-0.55
63714,0.43,0.24,-0.49
63917,0.43,0.24,-0.61
64120,0.43,0.31,-0.49
64325,0.37,0.24,-0.61
64528,0.37,0.24,-0.49
64731,0.55,0.24,-0.49
64934,0.55,0.24,-0.49
65137,0.43,0.24,-0.55
65340,0.49,0.31,-0.55
65544,0.49,0.31,-0.55
65747,0.49,0.24,-0.49
65949,0.43,0.24,-0.49
66152,0.43,0.31,-0.55
66354,0.37,0.31,-0.55
66557,0.37,0.31,-0.55
66759,0.43,0.24,-0.55
66964,0.37,0.18,-0.55
67167,0.43,0.24,-0.55
67370,0.37,0.24,-0.55
67572,0.43,0.31,-0.49
67775,0.43,0.24,-0.49
67978,0.43,0.24,-0.49
68182,0.43,0.24,-0.55
68384,0.98,4.7,-0.85
68587,0.43,0.06,-0.55
68791,0.49,0.18,-0.43
68994,0.43,0.24,-0.49
69198,0.43,0.31,-0.55
69400,0.49,0.24,-0.49
69604,0.43,0.24,-0.55
69807,0.43,0.24,-0.55
70010,0.55,0.37,-0.55
70214,0.49,-0.06,-0.37
70417,0.49,0.18,-0.49
70621,0.43,0.24,-0.55
70824,0.43,0.24,-0.55
71028,0.43,0.24,-0.49
71231,0.43,0.24,-0.55
71434,0.43,0.31,-0.55
71638,0.49,0.24,-0.49
71840,0.43,0.24,-0.55
72042,0.49,0.24,-0.49
72246,0.43,0.24,-0.49
72449,0.37,0.31,-0.55
72652,0.43,0.24,-0.55
72855,0.43,0.31,-0.49
73059,0.43,0.24,-0.49
73263,0.43,0.31,-0.49
73466,0.43,0.24,-0.55
73669,-2.93,4.33,-0.92
73873,0.37,-0.67,-0.37
74077,0.49,0.12,-0.49
74280,0.43,0.06,-0.49
74483,0.43,0.31,-0.49
74686,0.67,0.24,-0.55
74890,0.37,0.24,-0.43
75093,15.38,0.24,-0.37
75296,0.24,0.31,-0.61
75499,26.0,0.06,0.06
75701,74.83,-0.67,0.0
75906,29.6,2.62,-2.69
76109,16.78,-16.66,11.72
76311,-40.77,8.73,-8.91
76514,3.66,-0.92,0.37
76717,0.85,-3.91,2.87
76920,-3.72,-11.6,9.83
77124,44.37,-27.4,34.12
77327,103.33,-0.18,33.33
77531,10.86,-2.14,2.44
77734,-12.82,-23.19,26.0
77937,-28.75,-4.88,11.96
78140,-84.11,10.5,-8.18
78345,-2.14,1.59,-0.37
78549,122.38,-35.95,22.64
78752,5.0,0.61,-0.55
78957,3.05,0.31,-0.49
79160,0.37,0.24,-0.49
79365,0.79,0.24,-0.55
79568,37.41,-0.55,2.93
79773,24.72,-4.27,15.26
79976,36.19,-47.18,16.72
80180,41.69,-37.23,0.31
80383,37.72,-79.1,97.53
80586,-7.69,3.23,-0.92
80789,70.31,-6.41,-24.72
80994,1.34,0.24,-0.67
81200,1.89,0.49,-1.65
81405,-0.06,0.37,-1.22
81611,0.43,0.31,-0.85
81814,0.31,0.31,-1.16
82017,0.24,0.37,-1.28
82221,0.85,0.43,-1.46
82424,1.04,0.43,-1.34
82628,0.73,0.37,-0.98
82832,0.61,0.31,-0.73
83036,0.67,0.31,-0.85
83241,0.61,0.31,-0.85
83445,0.79,0.31,-0.73
83648,-0.06,0.49,-0.61
83853,-470.03,155.94,-14.1
84056,40.65,-78.43,24.78
84261,74.89,-79.47,-25.45
84465,-201.29,-67.75,68.12
84669,-78.86,-45.84,-85.51
84873,187.44,211.12,-40.83
85078,94.67,135.56,-298.28
85282,701.54,-545.04,-22.58
85486,-74.83,22.16,-149.72
85691,-7.75,-116.76,-240.36
85896,-122.62,287.66,19.71
86101,-170.41,643.68,921.2
86305,-78.0,-218.51,-433.35
86509,-311.58,-247.07,-44.68
86713,132.81,95.83,-64.51
86917,-341.55,469.73,663.94
87120,4.7,-246.7,-569.52
87324,-26.73,-136.29,32.35
87527,-21.3,309.57,247.31
87730,16.54,17.88,-142.58
87933,-110.23,-89.9,135.74
88137,86.36,92.77,-129.21
88341,-51.7,-62.99,-189.51
88545,93.14,-232.67,65.12
88747,146.73,-99.06,-274.72
88950,-64.94,101.81,-124.21
89155,-46.94,74.58,-159.48
89360,4.39,14.16,-165.59
89563,-71.29,-105.1,-2.69
89767,59.2,-250.67,637.7
89972,-46.69,297.0,35.58
90175,4.03,168.21,-168.95
90380,-202.82,272.95,-155.4
90583,-212.04,633.97,329.22
90786,254.09,-298.83,-366.88
90988,33.57,-832.89,-164.98
91191,70.98,363.95,-249.02
91394,48.77,449.52,-54.44
91598,1617.68,-864.14,173.77
91801,156.68,124.57,-104.37
92003,9.83,535.34,70.92
92207,-18.68,322.14,164.12
92411,31.86,-121.09,-30.64
92614,61.16,40.04,-345.89
92818,76.11,-118.04,157.47
93022,123.72,-113.77,-346.8
93224,289.79,-403.56,-80.69
93427,-313.29,185.85,-127.56
93630,28.5,-26.25,2.69
93834,-30.76,87.28,86.06
94038,-189.82,-26.86,111.63
94242,-144.53,179.2,22.95
94446,164.73,32.78,7.02
94650,729.37,85.69,86.36
94853,32.71,134.46,-10.38
95059,-94.6,23.01,52.98
95263,4.09,-110.53,112.06
95467,36.5,-26.43,56.52
95669,19.65,-9.7,10.13
95873,-8.36,4.7,-64.94
96078,-1.16,-2.87,-0.49
96283,21.55,-3.17,55.97
96488,-3.36,-12.94,44.43
96692,-7.81,7.87,-75.56
96897,-14.83,0.73,7.51
97100,9.03,-17.82,65.49
97305,7.2,32.9,-66.16
97510,-26.0,-2.26,-34.3
97712,12.7,-17.82,45.9
97916,-7.75,-1.59,-12.51
98120,63.17,46.75,11.23
98323,-14.95,-32.53,11.47
98527,-41.38,-39.18,2.99
98731,40.28,69.4,-1.83
98934,35.34,44.68,-16.11
99140,-46.69,-118.59,44.92
99345,-60.61,93.2,19.78
99549,17.58,-21.12,85.57
99752,7.81,-16.3,122.44
99955,22.16,27.28,-55.54
100160,-5.07,55.91,-83.62
100362,-178.04,35.52,-65.55
100565,110.17,-88.68,-39.18
100768,-71.11,185.18,-8.79
100973,8.3,42.85,-75.5
101177,-22.58,-96.8,26.43
101380,36.07,-4.82,12.39
101584,-50.66,15.38,34.97
101789,-35.77,23.32,28.26
101993,10.62,8.24,34.61
102197,-45.84,21.73,15.56
102400,-11.23,-11.54,32.78
102603,-74.34,30.15,7.87
102808,-1.34,-7.2,32.65
103011,-16.36,10.19,42.54
103213,42.79,7.63,-11.84
103416,2.26,-14.4,24.72
103621,-36.5,48.1,29.66
103824,-71.23,6.23,101.75
104028,10.8,3.6,22.71
104230,81.24,23.44,-68.48
104434,81.24,45.29,-322.88
104637,101.62,-118.96,-39.49
104842,41.93,0.18,23.38
105045,28.32,58.41,14.1
105248,-50.96,44.98,-5.31
105452,47.24,-5.37,20.26
105655,-247.25,-0.31,-38.51
105859,-51.45,7.75,13.79
106062,-12.45,-0.43,10.38
106265,-20.26,24.84,-48.58
106469,16.91,-36.62,-33.39
106673,-20.69,-4.82,-8.91
106877,-23.01,48.83,6.59
107081,47.0,1.53,1.89
107283,48.71,6.41,31.74
107487,32.1,8.67,12.88
107690,-52.67,-0.12,-13.49
107894,76.84,-18.74,8.12
108096,40.89,-58.47,30.33
108300,-148.8,51.64,-42.11
108504,41.2,-47.24,-10.38
108707,113.53,-37.72,-22.52
108911,11.35,8.97,-9.77
109113,-85.27,69.95,-18.13
109316,14.47,57.07,-12.15
109520,43.58,22.22,-4.52
109724,-8.54,-11.17,0.98
109928,-8.3,-26.92,4.94
110132,143.25,-65.67,-28.99
110335,-152.77,-112.06,19.41
110539,62.99,-42.72,-1.95
110743,-42.05,-0.12,-14.71
110946,89.84,138.79,-25.7
111151,6.04,50.35,-0.92
111354,92.59,27.71,-14.77
111557,-37.05,-22.89,-0.55
111761,-25.45,-8.24,-6.53
111963,-62.38,-37.05,61.04
112166,-11.05,-69.15,11.6
112370,-13.61,-31.8,21.18
112573,2.5,30.27,-15.01
112776,95.7,88.81,-22.83
112979,89.29,85.14,-39.61
113183,55.79,45.23,-26.49
113386,-9.22,-46.26,-0.92
113590,-73.43,-111.02,13.49
113793,-49.26,-4.21,35.52
113996,-25.88,-40.04,-9.34
114200,0.06,-17.27,20.14
114402,25.57,58.78,-19.04
114605,66.04,72.51,-30.27
114810,21.24,56.58,-0.12
115013,-41.08,23.62,-18.19
115217,55.73,-23.68,-18.01
115421,-33.87,-156.74,-11.29
115626,-19.9,2.08,-0.37
115830,-20.57,-13.85,23.86
116034,45.1,18.37,-13.12
116237,33.69,23.56,-6.47
116443,17.58,27.16,8.0
116646,20.75,19.41,4.76
116849,-20.26,-10.07,13.43
117052,-17.7,-9.03,8.85
117257,-91.74,-50.29,31.68
117462,57.37,64.33,-16.85
117666,55.66,83.8,-18.98
117870,-26.12,7.51,3.23
118073,40.28,-31.74,24.41
118275,9.83,17.33,-1.4
118479,42.05,-0.67,9.34
118681,-106.26,-70.01,22.58
118884,-78.25,-42.91,23.93
119088,-6.41,-6.71,7.14
119292,32.9,13.12,-11.9
119496,37.05,41.75,-30.7
119700,-29.91,74.46,10.8
119903,-54.32,-5.07,-0.67
120107,-61.46,-103.7,38.45
120311,5.86,-14.53,-2.69
120515,1.04,1.89,-0.92
120719,-0.37,-0.18,-0.18
120923,2.56,1.34,0.31
121126,66.1,48.77,-34.3
121329,46.33,41.63,-12.21
121535,-12.21,-11.35,7.39
121739,-19.04,-7.63,5.86
121942,-67.44,-19.29,20.2
122145,54.02,-60.12,19.65
122349,1.04,6.96,-2.01
122553,43.33,31.25,-8.67
122757,20.08,16.48,-2.99
122961,-9.22,1.04,3.48
123165,-1.4,-2.81,0.61
123369,1.46,-1.16,-0.73
123572,-6.65,-3.78,0.06
123775,-4.27,-2.14,0.43
123979,-3.91,-5.43,-0.49
124183,-1.4,-0.55,3.54
124386,-57.62,21.73,44.62
124588,-38.21,-25.82,11.6
124791,-5.8,-7.32,-15.14
124994,45.17,25.09,-18.86
125197,53.47,14.83,-37.35
125399,83.5,75.62,-78.98
125602,34.12,81.3,-46.26
125804,7.57,1.77,-8.24
126007,-0.06,-14.47,-0.31
126210,-32.23,-115.36,33.69
126413,-18.62,-10.99,30.27
126615,-6.35,0.85,1.83
126818,-59.14,0.67,98.88
127021,34.18,0.98,-27.59
127223,103.27,88.2,-15.26
127426,45.78,-21.55,-36.62
127628,-17.21,-75.32,-31.86
127832,-7.87,-37.9,0.73
128035,-25.45,-32.96,0.92
128237,-1.95,-14.1,-13.31
128441,-31.74,-4.82,45.96
128644,5.19,2.32,4.58
128846,0.79,2.87,9.89
129050,-101.99,61.22,142.4
129254,27.71,-13.61,-8.18
129456,14.4,-5.62,-22.34
129659,4.21,-0.85,-1.95
129861,-1.28,-0.37,-2.56
130064,2.87,0.24,-1.28
130267,4.82,15.32,0.85
130469,2.2,-0.12,-0.18
130672,-2.08,-1.16,-4.27
130875,1.04,1.28,-4.09
131077,-0.06,-0.31,0.31
131280,6.41,10.13,4.7
131484,109.37,30.64,-73.55
131687,1.34,51.88,-49.26
131890,28.02,-11.9,-9.34
132093,-79.22,-22.89,-7.51
132296,-39.49,-39.43,135.19
132498,-62.99,-7.63,111.39
132701,-7.26,22.4,32.84
132904,-12.08,14.95,-2.44
133108,-124.69,-31.62,101.32
133311,17.21,-29.17,120.18
133513,-4.7,-24.35,57.19
133716,-1.16,-7.02,5.86
133919,-0.92,-3.36,7.14
134123,-11.29,2.2,-4.03
134326,16.11,6.47,-7.14
134529,2.44,1.1,-1.1
134732,-6.59,-13.55,-0.98
134935,-3.17,-1.95,-1.53
135137,7.63,-5.19,9.77
135341,15.2,-12.76,-3.36
135546,25.76,-4.46,-91.67
135750,104.55,-29.6,-235.96
135953,-4.76,6.23,-70.62
136157,-10.31,-3.23,12.27
136359,-6.59,1.71,7.75
136562,4.64,1.77,-2.62
136766,7.69,-9.16,-1.65
136969,-47.3,30.46,41.02
137172,84.11,5.55,13.55
137374,-46.57,23.01,31.01
137577,-4.52,22.09,-4.88
137780,-3.3,45.96,5.0
137983,4.15,0.85,42.85
138185,-28.81,-83.98,-0.61
138388,77.94,4.88,6.77
138591,18.01,23.86,2.01
138795,6.29,-9.89,-5.43
139000,-7.02,32.84,-45.47
139203,10.99,11.23,-28.93
139407,26.98,-4.82,16.11
139609,-51.33,41.5,-19.78
139814,-65.67,-19.29,49.74
140017,-48.77,20.2,26.0
140221,59.81,-6.53,-10.38
140424,26.31,-65.73,35.22
140628,56.46,10.13,20.45
140832,-67.02,36.01,-57.37
141035,42.97,-19.53,-5.74
141240,-71.29,60.91,-20.75
141442,171.2,-57.5,13.31
141646,32.17,-25.63,-39.25
141848,8.97,-13.49,-54.26
142051,42.54,-47.12,-22.03
142254,-9.64,-45.53,-1.83
142458,-112.0,-8.06,-1.83
142662,5.55,16.24,-1.71
142864,86.3,-20.69,43.7
143067,-10.38,22.09,-22.34
143270,-4.39,4.94,11.47
143473,-6.47,13.98,2.99
143676,10.86,6.96,-1.65
143879,-95.46,50.6,-43.88
144082,-42.54,30.76,123.9
144285,27.22,-88.68,-6.16
144488,31.37,1.53,-50.17
144691,12.76,-31.56,-120.61
144894,-114.62,11.23,-68.79
145097,-165.65,-28.38,-44.49
145301,15.56,6.53,-0.43
145504,-18.8,20.39,9.22
145708,124.94,98.33,1.22
145913,-49.5,-34.18,-19.23
146116,-10.62,2.5,7.57
146319,2.5,-0.79,5.13
146522,-1.46,-3.05,7.51
146726,0.43,4.27,1.28
146928,-2.69,5.37,-5.62
147131,2.93,-0.24,1.1
147334,4.46,-0.12,3.42
147537,-12.45,-4.94,-1.16
147741,1.16,-3.66,-1.95
147945,3.23,0.06,1.53
148149,1.53,3.3,-2.01
148353,36.62,-4.21,30.82
148556,385.13,-114.07,68.18
148759,-19.35,10.5,27.28
148964,-67.32,39.12,-66.96
149167,49.93,-68.3,-21.61
149371,-138.06,71.17,16.24
149574,-93.14,32.59,32.41
149776,-34.24,9.03,13.12
149982,-33.08,23.5,9.09
150185,27.1,3.91,1.77
150388,51.39,-18.25,-12.57
150591,348.21,-96.19,51.7
150794,-22.09,11.41,20.14
150998,32.9,-74.16,143.31
151202,-67.87,-36.25,41.5
151405,-299.99,-10.01,86.18
151608,-45.65,111.15,-8.06
151812,96.8,-26.12,35.89
152015,-21.85,-20.69,77.15
152218,42.85,-7.57,11.05
152420,144.17,-55.73,-226.14
152624,-259.52,95.21,-223.88
152827,-219.3,55.79,94.42
153029,-131.35,-49.32,-21.36
153235,-237.3,64.58,-12.76
153439,10.01,-12.02,7.14
153641,-15.81,-27.77,52.8
153845,25.82,21.73,34.97
154050,45.41,-50.54,22.4
154254,-94.97,21.79,73.49
154457,78.43,-28.2,-189.58
154661,-434.88,-152.77,140.44
154864,-104.68,145.57,-99.61
155069,-161.25,-90.21,152.34
155272,-13.18,86.43,70.13
155475,11.35,-48.71,-0.49
155678,127.87,20.2,-6.35
155880,270.08,-96.98,-214.11
156083,-56.21,-89.29,64.15
156286,-591.67,142.82,8.73
156488,-27.89,-5.31,17.09
156691,-207.46,20.39,18.98
156894,51.88,60.79,2.62
157098,-108.03,105.9,-37.11
157301,-323.24,151.25,-78.98
157503,95.64,-113.4,8.97
157706,193.91,5.13,2.08
157909,5.62,42.79,-45.78
158112,-50.78,6.41,130.31
158314,339.23,-1.89,19.78
158517,-196.11,-95.03,76.66
158720,3.36,62.56,-23.86
158922,425.9,-142.88,-69.89
159125,-94.48,174.19,224.3
159328,47.61,-72.75,-205.93
159532,-43.09,-4.52,-116.76
159738,4.82,25.57,16.05
159940,-117.25,32.41,60.0
160143,-27.77,149.84,144.65
160346,-14.22,48.1,-27.83
160548,34.85,83.31,165.28
160751,77.45,-171.08,-251.83
160953,-109.44,-87.83,91.74
161157,-50.42,-16.6,5.37
161360,-17.27,1.04,41.87
161562,-47.85,5.25,79.22
161765,-17.33,-28.56,-7.63
161967,12.94,-52.98,-44.01
162170,-58.65,103.58,-92.29
162373,84.05,-11.78,-128.6
162577,58.11,-4.88,88.93
162781,38.64,-21.79,16.91
162983,-17.33,-15.99,41.14
163186,-54.02,-76.54,-135.19
163389,10.74,-58.53,48.71
163593,-14.95,1.4,79.41
163797,-27.95,106.93,72.57
164002,-78.31,11.9,79.22
164205,-148.25,-96.74,62.99
164408,40.04,-13.67,-58.47
164611,174.87,-60.49,-40.41
164813,-39.92,74.89,-32.53
165016,-237.61,-168.09,-9.83
165219,174.56,4.03,-33.26
165422,13.43,-32.53,16.91
165625,-217.96,2.56,13.98
165828,641.48,120.97,-13.85
166031,-287.54,1.83,224.18
166233,-316.35,7.45,-18.43
166436,-359.07,-36.74,38.51
166639,-5.0,16.3,52.49
166841,-75.26,185.49,-31.74
167044,86.79,-29.36,4.82
167246,42.79,-62.13,11.72
167449,-81.73,-54.99,-35.4
167653,-36.13,8.85,3.85
167856,-19.35,68.73,-21.79
168059,8.97,-58.72,-23.93
168261,25.88,25.76,2.38
168464,43.95,6.1,17.64
168667,23.86,-19.47,-5.31
168870,-96.44,82.15,34.42
169073,35.46,-50.35,-41.44
169275,21.48,-15.5,-0.98
169479,47.97,18.55,-24.78
169683,-92.47,44.56,42.54
169887,180.11,-38.27,22.89
170089,31.8,-6.71,-18.25
170294,-20.75,99.49,1.59
170498,8.3,-50.48,0.79
170701,-56.46,5.74,6.84
170903,21.36,-45.72,-17.21
171106,2.99,8.79,-1.77
171309,23.01,-20.45,-13.67
171512,12.15,4.52,-2.69
171715,8.91,4.21,1.59
171919,36.62,-203.0,-47.91
172122,140.56,46.57,-80.63
172324,-145.14,6.35,-28.08
172527,246.52,-251.4,174.99
172730,24.54,17.76,-111.08
172936,-87.28,152.1,-99.61
173138,-156.31,-53.1,42.85
173341,297.0,-29.97,73.79
173544,-170.35,73.97,-30.03
173746,-236.88,39.31,-4.7
173949,-31.37,5.19,-5.0
174152,-23.13,5.92,14.83
174355,23.13,-23.8,-1.83
174558,-0.49,3.3,-3.91
174761,-16.78,-19.65,-2.87
174965,43.4,-152.04,-139.4
175168,-18.43,-48.58,29.91
175371,11.54,-14.53,4.76
175575,13.61,-15.14,63.72
175780,76.35,14.59,-12.39
175983,24.05,12.02,-55.3
176186,131.96,-62.01,121.95
176390,-36.93,-4.64,74.16
176596,57.92,40.22,-86.67
176800,153.5,-62.01,-173.95
177002,-55.48,-73.55,-58.72
177205,-46.2,-66.1,1.59
177408,-64.33,52.55,101.93
177612,-16.24,-28.2,204.65
177815,-15.75,-53.34,113.22
178018,30.21,22.22,-6.29
178221,-64.76,58.9,25.63
178424,-39.18,41.99,-15.08
178626,29.11,-42.3,69.34
178828,30.15,-25.39,8.36
179031,25.09,-5.31,-34.42
179234,31.25,8.06,-102.29
179436,-38.94,5.92,-85.94
179639,-15.14,45.23,-57.56
179845,6.65,13.24,-39.12
180048,15.63,-5.31,-55.97
180252,22.46,28.93,-32.84
180455,23.13,15.5,-24.66
180658,14.4,-19.35,-29.17
180861,-8.42,-17.82,-29.72
181065,2.01,12.82,-11.9
181269,-47.12,-2.93,86.61
181472,-170.35,26.86,105.77
181675,-105.35,-74.04,47.06
181878,71.59,-25.39,-0.55
182080,-76.72,15.5,2.69
182284,-65.43,17.64,-15.08
182488,-22.89,35.71,13.98
182691,-22.4,16.91,-65.43
182894,26.0,78.43,31.01
183096,217.77,-61.1,19.9
183299,41.26,236.69,14.28
183502,-11.11,-8.06,111.45
183705,27.1,-18.68,94.67
183908,57.62,0.79,16.54
184111,246.28,-97.53,21.24
184314,-172.61,12.27,-7.81
184517,35.1,-20.02,-0.79
184720,-367.61,47.91,3.54
184925,22.22,30.33,-83.68
185128,233.34,5.07,-135.38
185332,-258.24,-29.91,8.3
185535,7.69,1.04,-23.86
185738,24.41,5.74,-6.41
185940,-86.55,-13.73,33.26
186143,125.0,-5.43,-22.89
186346,75.01,48.95,-13.43
186549,115.72,-12.02,15.32
186752,35.71,-16.6,-22.28
186954,-21.67,8.73,12.02
187158,-5.25,0.18,-1.77
187361,-7.45,2.81,-5.0
187563,-40.95,-0.06,0.12
187767,-13.18,2.56,-13.24
187970,-8.61,-2.32,0.37
188173,-78.37,18.74,-1.83
188377,-7.87,3.23,-0.49
188580,-0.12,0.55,-2.08
188785,7.02,-2.01,2.93
188987,-105.35,24.11,-5.07
189191,-57.31,-13.18,6.65
189396,-36.74,-81.6,18.31
189599,-25.02,52.12,25.63
189802,-38.45,53.41,75.62
190005,-68.36,0.73,126.4
190208,85.69,53.65,91.25
190413,88.26,50.29,35.71
190615,-31.31,34.85,125.61
190819,-20.87,-28.14,63.48
191023,92.1,-41.81,-65.86
191225,228.39,-27.95,-140.2
191429,-125.98,-151.06,285.83
191632,-9.52,-44.98,130.0
191835,83.37,1.34,-77.15
192038,9.46,-3.91,7.32
192241,-17.27,-22.52,-83.8
192446,70.62,-51.82,-247.44
192650,28.99,-35.03,-34.91
192853,25.33,110.6,94.6
193056,-85.88,-9.28,-117.55
193260,-129.09,15.38,-53.1
193463,-173.46,-22.09,115.11
193666,-315.8,52.43,-4.76
193868,158.75,-109.68,-74.77
194072,3.48,1.46,-35.58
194275,52.49,26.86,-10.31
194478,408.75,-60.0,16.48
194682,-13.79,-21.97,-11.23
194885,-85.45,-1.77,55.05
195088,-106.32,103.03,-155.09
195292,91.37,122.74,-148.44
195494,535.89,-96.13,-195.07
195698,-3.85,-63.78,-1.04
195901,89.17,-85.21,-3.6
196104,6.59,-28.56,-26.61
196307,172.36,22.4,-140.99
196510,94.18,26.86,-265.08
196714,47.36,-36.99,-149.78
196917,225.59,-61.28,-91.06
197120,-13.0,-92.65,-38.27
197324,-17.58,-94.97,-38.27
197528,113.71,-41.44,-15.63
197731,96.56,4.09,36.13
197934,67.69,30.15,-60.24
198137,83.25,-34.85,-32.35
198339,185.61,9.95,90.76
198543,29.72,-40.22,-134.83
198747,60.79,-45.9,-27.65
198950,-27.16,268.92,-134.77
199155,70.01,122.92,-101.56
199359,-321.17,253.72,-128.54
199563,-65.73,63.9,-75.74
199765,-141.85,78.37,-65.06
199970,-22.03,92.35,-12.63
200173,-60.0,11.66,-3.11
200376,-10.86,-2.2,2.38
200579,-105.04,105.16,-27.1
200782,84.66,23.32,17.46
200985,18.86,215.03,108.09
201187,6.77,-38.88,48.28
201391,292.66,-6.47,-35.52
201595,-24.11,-2.38,42.97
201799,-39.61,25.63,-3.72
202004,119.93,12.27,-66.53
202207,-96.37,-45.53,-51.51
202410,33.75,-30.46,40.22
202613,12.94,-18.43,2.81
202816,-26.61,36.56,54.75
203019,16.3,-44.07,-17.15
203223,46.14,-16.85,-11.35
203426,21.36,-18.43,-14.04
203630,58.59,62.99,26.73
203833,-578.43,-123.9,140.87
204038,94.73,31.8,-289.31
204241,56.4,232.12,-137.88
204443,-143.98,-7.39,-39.79
204646,65.19,6.65,1.53
204849,96.37,37.05,4.58
205051,-34.0,-30.94,62.44
205256,-177.0,-76.97,25.15
205459,47.67,28.2,-44.37
205661,155.46,57.92,-103.33
205865,9.52,-44.01,28.14
206070,62.62,7.02,5.13
206273,36.32,2.56,-6.77
206477,21.67,-0.24,4.03
206682,1.83,-0.18,-0.49
206885,-3.11,-2.87,-5.07
207089,-3.97,1.22,-5.31
207293,-495.0,-99.67,-17.4
207500,2.81,12.45,6.53
207703,22.71,2.38,6.16
207905,-2.38,4.21,0.31
208108,8.36,-0.79,0.37
208313,13.61,4.88,-0.55
208515,-3.42,2.69,-3.54
208719,-36.56,0.55,-5.43
208923,-0.55,1.65,0.55
209126,4.64,-2.75,-0.12
209330,-68.66,-26.73,-0.55
209533,-11.78,-16.6,-3.3
209736,73.61,24.11,21.91
209939,96.56,-141.24,29.97
210142,-16.54,59.08,-30.46
210345,-17.33,-73.91,-160.28
210548,37.11,-51.7,48.83
210752,-127.81,300.9,80.44
210958,1.34,-9.52,1.83
211162,149.05,-3.48,-4.64
211364,9.58,0.12,5.0
211567,7.45,-2.93,2.2
211770,75.68,-11.84,-22.58
211973,151.06,-70.25,82.09
212176,23.07,-20.57,-26.06
212379,1.59,49.68,-34.79
212583,-4.27,-1.1,0.31
212786,0.73,1.28,3.17
212990,0.55,-0.55,2.93
213194,-6.84,-5.25,2.99
213397,-2.01,4.52,0.37
213600,-12.02,2.2,-2.32
213805,-322.33,72.14,-2.14
214009,-23.62,3.42,-6.71
214214,104.43,-17.58,21.97
214417,8.18,-6.41,-11.54
214619,1.65,-29.97,-22.09
214822,67.87,-28.44,32.23
215024,22.83,138.61,80.26
215228,88.5,117.61,80.14
215431,49.68,24.17,11.84
215635,93.02,3.17,-19.17
215839,310.36,-75.01,32.41
216043,250.18,-72.27,146.06
216246,58.41,36.5,83.86
216449,-13.79,155.7,229.19
216654,-32.47,-61.28,-70.37
216856,586.55,46.88,84.66
217059,-35.1,187.62,118.96
217263,-160.34,87.28,150.88
217467,-40.89,-66.41,16.05
217671,32.53,-290.89,65.37
217875,-191.59,258.06,-156.74
218079,35.83,-366.39,-213.56
218282,25.15,86.55,12.63
218485,-99.85,560.18,-159.97
218689,-64.39,-133.73,410.71
218892,-7.63,-150.88,-501.28
219095,-9.89,39.25,109.92
219298,-74.1,141.42,114.93
219503,8.36,-127.81,-51.15
219706,17.33,-21.91,95.83
219910,-60.67,331.91,70.5
220114,133.42,-364.26,-182.86
220319,-53.34,278.38,134.89
220522,10.74,-31.43,-27.04
220725,20.26,-34.12,-22.95
220929,12.15,-11.29,-8.48
221132,-0.31,-0.43,-2.44
221335,10.07,-13.43,-10.86
221538,8.3,-5.74,-16.6
221743,-8.48,6.77,1.95
221949,-23.38,78.61,33.57
222151,1.4,-60.49,-44.74
222356,-1.53,16.78,-0.06
222561,0.98,-4.21,-3.66
222764,-96.01,-53.96,-64.39
222967,-32.47,-154.3,-21.06
223171,134.34,31.25,-46.26
223375,-149.29,215.03,327.82
223578,-50.23,-76.78,-150.76
223781,15.5,-101.07,-25.63
223984,-9.52,24.05,22.58
224190,-9.52,14.71,9.46
224394,-49.93,203.25,184.33
224597,-21.67,-99.85,-114.81
224800,2.32,16.42,3.48
225005,16.72,-33.2,-16.24
225208,-5.13,11.96,4.27
225411,-0.98,5.07,0.55
225615,-91.06,-40.22,-12.94
225819,-52.43,88.87,-18.68
226024,-0.12,17.27,-65.31
226228,-45.9,138.61,134.89
226432,47.85,-71.66,-50.78
226637,2.38,13.92,-10.13
226841,7.32,-8.12,-1.34
227045,5.55,-8.24,-6.35
227249,7.87,-7.57,-3.97
227452,5.92,-2.01,1.95
227655,1.22,-1.4,-3.85
227860,-72.08,-101.32,-126.4
228063,-109.44,141.54,80.26
228272,55.73,-248.47,-151.79
228475,8.97,206.6,-10.68
228679,14.89,-26.79,8.54
228882,-4.39,3.17,21.12
229085,37.11,77.03,28.38
229289,0.73,39.86,64.03
229492,-9.58,-23.25,-12.21
229696,-9.52,10.19,5.13
229902,0.55,-3.23,-4.09
230105,-4.58,6.65,-2.2
230309,-1.59,3.97,-3.11
230513,1.46,-2.2,-2.81
230718,8.0,-11.84,-4.64
230920,3.17,-3.91,-3.05
231123,-0.43,1.65,1.59
231327,-5.31,6.84,5.19
231531,-0.61,2.81,-3.72
231735,4.46,-6.16,-5.0
231938,4.64,-7.02,-2.26
232141,0.49,-1.1,1.34
232346,-4.52,9.22,-4.58
232548,-2.01,5.43,-0.85
232751,-1.65,-1.16,4.39
232953,1.1,-2.14,4.27
233158,33.14,-252.81,-179.14
233361,-63.78,236.02,102.11
233565,27.83,-94.6,-50.78
233768,-55.85,262.57,27.1
233971,102.29,-418.21,-142.58
234176,-128.17,313.17,158.33
234378,74.77,-252.32,-83.74
234581,-19.65,371.46,176.88
234785,123.54,30.4,22.83
234988,-24.96,148.25,68.12
235191,-4.39,139.59,-201.54
235394,-34.18,443.18,-50.42
235597,66.41,46.08,-140.87
235800,25.33,-48.65,28.38
236002,233.46,-128.78,37.6
236205,147.22,-139.59,83.62
236407,56.46,-165.95,108.34
236611,23.13,62.87,224.98
236814,0.24,188.05,237.3
237017,91.74,-48.77,-95.52
237219,-35.22,18.31,-39.18
237423,96.25,-68.24,-224.3
237626,-79.9,194.7,-0.98
237828,-74.95,243.35,2.38
238030,205.87,-232.06,-63.84
238234,64.03,-33.45,-102.6
238438,16.6,-93.75,155.21
238641,117.86,-262.33,224.3
238844,79.77,404.05,-142.52
239047,73.18,-54.57,-133.42
239251,-10.68,-141.54,104.68
239454,-11.11,28.08,-31.8
239658,-12.02,71.17,28.69
239862,-14.04,336.79,-34.67
240065,25.39,-84.35,123.84
240270,-32.9,55.97,-50.72
240475,-41.38,33.75,106.69
240678,-45.59,62.44,-275.21
240882,-12.57,-164.92,117.92
241087,24.23,74.83,92.35
241292,34.36,64.94,-130.74
241496,5.31,-14.4,18.19
241699,35.58,35.28,58.72
241904,21.67,33.08,74.83
242109,-5.92,25.15,-46.88
242312,-13.55,26.0,-5.0
242518,-46.88,-28.02,-8.42
242722,125.67,-64.76,8.0
242926,-43.82,109.62,60.49
243130,-9.28,14.83,-52.67
243333,47.06,-56.7,20.02
243535,-50.9,73.61,-35.1
243739,-4.21,17.88,7.2
243943,26.73,-34.24,-35.28
244146,16.6,-20.51,26.18
244349,-10.99,-36.93,-43.82
244553,-80.2,64.58,-27.71
244758,-1.83,-12.45,26.12
244962,20.26,-11.41,11.35
245166,0.12,3.11,5.8
245369,3.36,0.18,-0.31
245574,5.25,6.41,32.65
245777,-44.86,-81.54,-279.91
245983,57.25,-65.73,309.88
246185,91.86,-332.15,-115.91
246388,5.49,-117.74,-30.52
246592,-37.96,24.78,-39.73
246796,-66.28,69.52,-9.09
246999,-10.68,113.16,-140.01
247202,152.83,-152.71,25.21
247406,34.24,-9.58,17.58
247611,27.89,-28.56,-42.91
247815,12.82,19.35,-16.17
248020,-11.72,28.81,-16.6
248225,7.2,13.31,-15.14
248428,-1.4,3.17,-2.08
248631,-0.31,0.73,-3.42
248834,-1.4,0.61,2.75
249037,1.22,-0.92,-0.61
249241,1.83,1.83,-1.04
249444,-0.06,0.0,-0.79
249648,0.24,2.56,-0.73
249854,0.55,-0.18,-2.99
250059,-2.01,-0.98,3.11
250263,0.24,1.4,-2.08
250467,1.95,1.22,-4.03
250669,2.44,-3.42,-1.46
250872,-2.38,1.04,0.92
251076,1.77,-0.06,0.55
251279,35.95,-15.87,-109.62
251482,-16.24,-25.09,-18.43
251687,15.81,-7.57,-4.7
251890,-20.14,30.33,66.65
252093,-27.4,-25.21,91.37
252296,-48.58,-67.57,-141.6
252498,24.54,81.73,64.64
252703,-12.57,12.02,71.9
252905,16.85,-28.38,-74.22
253109,-17.03,36.74,48.4
253311,41.32,-44.13,-166.38
253514,-84.05,179.32,4.88
253717,56.7,-79.77,-84.11
253921,-39.12,58.17,82.76
254124,-63.17,-4.58,103.33
254327,43.88,-28.87,9.89
254531,34.0,-18.19,-25.45
254735,0.98,-2.01,-2.93
254937,5.07,1.16,-4.15
255140,1.53,-1.28,-3.48
255344,2.62,1.22,-2.56
255549,3.36,1.34,-4.82
255752,-4.76,-3.42,3.05
255957,7.57,6.35,-110.35
256162,76.35,-67.63,-61.22
256367,-9.95,81.6,78.06
256571,-131.16,56.64,177.92
256776,2.08,14.47,20.32
256980,-98.45,189.64,-306.09
257186,-109.31,-128.17,-56.4
257390,58.65,5.55,16.24
257593,-16.3,-36.01,170.65
257797,-14.83,-7.45,2.44
258000,3.05,-45.9,4.52
258203,17.09,2.2,0.49
258406,1.28,2.5,-1.89
258610,-3.11,-40.22,15.44
258813,13.37,-35.1,23.56
259016,4.94,4.58,3.85
259219,-6.23,-1.71,-1.4
259421,1.4,-0.55,-4.21
259625,-0.61,2.14,-2.99
259827,-1.4,-0.12,-0.85
260030,-3.6,-0.79,-0.79
260234,-0.43,-1.65,-0.73
260438,0.18,1.77,1.28
260641,-1.46,-1.16,-0.98
260846,-1.65,1.1,-1.83
261050,1.28,4.09,-5.55
261253,4.88,2.81,-1.46
261458,0.79,2.32,-2.5
261661,-2.01,-5.98,5.68
261865,-28.5,162.84,-77.27
262067,-10.13,-47.73,-30.21
262270,45.04,-36.56,18.13
262475,74.52,-35.28,-45.65
262678,5.37,-48.03,177.55
262882,12.15,-5.74,10.8
263085,1.04,-5.92,2.99
263289,-2.75,-5.49,8.06
263492,0.61,2.08,-3.54
263695,-4.82,1.89,3.3
263898,-4.58,5.19,-3.78
264101,-6.71,1.65,0.06
264304,-8.85,1.46,-2.69
264508,1.65,-7.51,1.1
264711,10.8,-26.18,-59.75
264913,-3.11,-27.4,-47.0
265116,5.98,6.77,-0.61
265319,-6.23,8.61,5.13
265523,-2.5,-0.31,1.22
265726,20.45,-4.64,4.03
265929,-56.09,-43.33,154.66
266132,5.55,4.82,-6.9
266336,0.79,2.56,-13.12
266540,0.79,0.12,-6.04
266742,-4.15,-0.18,-0.79
266947,2.26,2.81,-1.89
267150,5.31,-0.24,-3.72
267354,2.01,3.72,-5.25
267557,-2.08,-1.89,3.42
267760,1.95,0.49,-2.75
267963,8.0,-1.83,-2.38
268167,-1.95,-2.44,0.06
268369,0.61,0.06,-2.87
268572,-4.7,-6.53,-1.83
268775,-1.71,3.78,4.27
268978,-2.5,-0.85,-0.73
269182,13.67,-4.39,-4.88
269384,24.41,-37.78,-61.46
269587,30.88,-59.33,-26.43
269791,109.92,35.95,8.85
269994,187.62,-225.16,-309.81
270198,100.71,200.26,-168.46
270401,15.63,-67.32,29.36
270604,-19.71,6.23,-3.36
270808,-2.38,0.79,0.55
271011,1.77,-18.43,-1.04
271214,5.31,-11.54,0.31
271418,1.34,-3.23,-0.43
271622,-8.97,24.78,-1.77
271826,-9.34,9.4,-2.93
272029,-25.88,21.36,14.04
272232,-13.85,4.15,-3.91
272436,-79.28,71.17,-14.65
272640,-8.79,-12.7,4.03
272845,-259.7,185.67,131.35
273050,-99.67,3.11,-0.06
273256,28.56,-16.48,-12.33
273459,85.02,-46.63,0.73
273661,10.01,-0.85,2.14
273865,-6.59,-6.23,-0.06
274068,0.61,-5.31,2.99
274271,-5.0,-3.54,2.26
274475,-3.6,-3.91,4.15
274678,-7.87,-5.07,8.97
274882,-0.92,-2.01,2.99
275085,-2.08,2.99,2.75
275288,-2.38,2.75,4.46
275491,-5.31,-2.01,3.3
275695,59.45,-41.81,-67.75
275898,287.54,-116.82,31.86
276103,196.84,-31.49,-26.98
276306,154.85,-3.97,-8.91
276509,294.19,0.31,10.13
276712,50.48,3.91,8.06
276915,-487.24,53.71,23.8
277119,-83.86,34.42,15.2
277322,-119.14,35.4,-41.5
277525,-3.97,86.67,-46.45
277729,-227.36,-0.49,98.27
277933,-51.64,-11.05,10.13
278136,-39.12,9.95,-41.14
278338,-13.49,-1.16,-13.85
278541,0.31,-3.05,-7.63
278744,-5.37,-2.81,-1.22
278949,0.37,-4.27,-7.26
279154,-2.08,-4.46,-4.15
279357,-0.61,-2.01,-2.44
279560,-1.46,-0.37,-2.14
279766,9.89,-4.64,-7.02
279968,3.6,-7.14,-19.71
280173,0.43,-8.12,-11.23
280376,-0.92,-8.73,-7.87
280580,0.06,-8.91,-6.96
280783,-3.05,-4.7,-0.06
280986,-0.43,1.34,-1.89
281189,100.83,-110.84,-39.18
281393,14.77,-28.44,8.67
281595,-23.07,6.71,-3.72
281800,1.04,-10.62,8.73
282004,-1.77,-7.2,-2.26
282207,-0.98,-6.41,-2.5
282411,12.39,-12.27,-1.34
282614,-130.0,137.94,14.95
282818,-119.38,-28.56,7.93
283022,107.24,78.67,80.57
283225,-52.86,-177.61,-15.99
283427,18.62,128.54,24.96
283631,62.68,-7.39,18.37
283833,-2.75,-36.01,4.52
284036,36.8,74.95,-29.11
284239,-29.05,-99.98,3.23
284442,-21.67,35.28,-63.17
284644,22.28,-101.99,-96.74
284848,-34.36,24.35,-123.41
285051,88.44,-108.52,-52.98
285256,-117.98,170.96,76.97
285458,-1.4,25.63,95.83
285661,30.52,42.48,-47.0
285865,62.01,-16.72,-56.03
286072,-33.39,49.19,-23.93
286275,-27.53,37.11,11.05
286478,-7.39,4.46,8.61
286683,-49.13,15.5,10.99
286885,-189.76,25.94,36.19
287088,1.77,3.11,4.52
287290,13.24,-2.99,7.2
287493,19.84,-1.04,-2.56
287698,7.87,-0.18,5.13
287901,5.92,-0.61,6.29
288104,3.72,0.98,1.4
288307,35.77,13.31,-8.48
288510,68.91,-14.28,-5.31
288714,-66.1,64.7,51.88
288918,-74.46,-51.27,-8.61
289121,-10.01,-10.56,17.46
289324,112.61,-23.01,59.27
289528,273.32,-69.82,-2.62
289733,-125.73,57.98,21.61
289939,-1.46,-25.33,23.25
290142,-10.5,1.53,13.85
290348,-7.02,-8.24,9.64
290554,-5.25,-0.98,3.85
290756,-1.65,0.49,3.42
290961,-5.07,5.13,3.36
291164,3.17,-1.34,1.59
291367,-5.55,5.62,2.56
291571,0.12,-3.85,3.54
291774,-1.89,-3.42,1.22
291977,-3.05,0.67,-0.37
292180,0.43,4.09,-1.16
292384,-3.54,-0.24,-1.04
292590,5.31,-1.28,-3.11
292793,0.61,6.53,-1.77
292996,-18.86,6.47,21.79
293200,7.14,-6.59,0.31
293404,-3.36,-32.59,7.02
293608,1.89,3.54,-1.28
293812,-0.12,-2.14,0.43
294016,-0.92,3.91,-0.85
294219,-0.12,0.24,-0.61
294422,1.28,2.01,-1.16
294625,0.92,0.73,-0.61
294828,-1.59,0.85,-0.98
295032,-0.37,0.43,-0.31
295236,-26.86,-2.75,15.38
295438,-5.98,68.6,12.76
295642,10.62,91.8,69.64
295844,11.96,44.31,125.31
296047,-2.87,-41.08,9.95
296252,-73.67,124.94,11.35
296455,-73.18,232.3,46.81
296658,-29.54,219.54,-60.61
296862,404.17,-236.33,-135.56
297066,154.3,-60.24,-43.95
297271,64.15,-88.62,-86.06
297474,13.37,-17.46,-111.08
297679,9.4,-41.26,-57.92
297884,-20.94,-39.0,-16.91
298088,-15.44,30.76,27.59
298292,-25.82,36.62,93.93
298495,-54.63,-25.7,149.66
298699,-209.47,32.17,-9.46
298902,-153.87,-40.65,-98.51
299106,-402.04,-62.68,245.54
299310,-280.09,-159.97,-104.86
299515,-75.68,-229.92,-159.06
299719,129.58,-64.33,-20.69
299923,-194.64,215.88,20.81
300128,-64.7,25.63,-55.91
300334,-17.64,-122.86,420.35
300536,112.98,8.91,354.74
300740,-160.16,83.07,-8.97
300943,39.06,24.48,98.08
301148,72.81,-9.46,47.06
301352,-207.4,101.87,31.13
301555,-33.26,-115.17,160.46
301759,-85.88,75.81,93.69
301963,-42.24,81.73,134.09
302166,162.41,-218.02,-390.69
302368,-207.76,-253.17,-136.11
302571,-44.49,-385.44,279.66
302773,-18.62,402.16,-72.88
302976,-96.86,-205.99,162.6
303179,26.12,-85.75,-250.43
303381,-44.68,82.28,267.21
303584,-63.6,212.4,-214.72
303787,76.42,-23.38,-128.05
303990,-4.58,146.61,-72.14
304195,24.78,183.04,95.09
304398,53.77,46.81,-121.89
304601,24.48,95.03,19.65
304804,93.14,266.78,-96.13
305007,1.65,224.85,-0.98
305210,124.63,362.55,-200.07
305413,128.23,197.33,197.27
305616,185.24,370.3,-31.49
305819,214.36,38.33,11.84
306021,103.58,310.49,-35.03
306225,0.18,-121.46,-33.94
306428,-75.38,131.71,-48.95
306630,-111.39,-230.65,-33.39
306834,-84.84,-218.99,-69.95
307038,-143.55,104.25,-205.08
307241,228.52,-458.37,-172.79
307444,-28.81,-329.9,44.37
307646,93.57,364.26,10.93
307849,29.48,264.34,223.27
308052,-79.71,-312.5,-268.01
308256,-76.54,-262.76,-14.65
308459,27.65,184.81,33.75
308663,-52.12,17.82,-36.62
308867,-43.15,-208.19,-30.4
309071,-21.91,73.85,-3.11
309276,18.07,-19.96,62.87
309478,37.78,125.37,-122.01
309681,-44.43,342.96,-205.57
309884,17.27,195.13,-93.51
310087,-1.71,24.72,-66.41
310291,106.2,-37.29,-65.12
310494,-622.92,382.87,150.39
310697,-524.48,107.06,-94.3
310900,69.52,-130.55,28.44
311103,77.15,186.46,-45.53
311306,-43.76,-66.71,18.31
311511,19.65,-68.42,-55.6
311714,8.67,169.37,73.79
311917,20.87,-79.04,-41.56
312120,-58.41,-64.76,10.93
312324,41.02,115.17,11.9
312528,-4.76,-8.24,21.42
312732,-69.89,4.82,-47.06
312935,6.23,-49.8,49.01
313137,26.79,112.43,-103.33
313340,-62.62,-128.17,99.37
313544,25.76,42.48,-143.49
313747,-50.84,98.75,119.14
313950,-49.93,-135.62,-73.18
314154,-34.85,159.73,-45.23
314358,-9.22,-9.64,38.27
314561,-101.2,-69.15,-176.27
314765,-109.31,213.26,-94.85
314968,-199.1,-346.98,-236.88
315171,-295.96,-235.29,-161.99
315374,101.01,476.81,-165.53
315579,-45.29,277.83,36.01
315784,-132.63,-405.64,-146.12
315987,1.4,12.76,36.56
316190,-112.73,182.92,-24.17
316394,46.2,-1.77,0.12
316598,27.4,16.85,-21.06
316802,21.79,6.65,-5.86
317005,-16.11,-20.32,-2.44
317210,6.47,-23.13,-6.96
317413,4.21,0.61,17.7
317617,39.25,26.12,0.79
317820,29.24,15.38,11.84
318024,12.57,0.24,24.41
318227,-21.55,25.15,6.29
318430,-12.82,20.81,-20.32
318633,7.32,-5.19,-7.32
318836,3.85,8.73,-20.02
319039,5.55,11.35,-11.41
319243,-8.06,21.06,3.36
319446,11.72,16.97,-2.93
319650,1.34,5.0,-4.46
319854,-35.52,34.97,19.35
320058,45.23,-78.92,-47.61
320261,79.1,120.36,-20.32
320466,-15.69,57.98,9.03
320669,-8.67,-23.8,53.89
320871,5.13,8.97,-4.15
321074,2.99,10.01,-2.99
321277,18.62,0.24,-27.22
321480,-0.12,-0.73,-0.37
321685,-2.75,-37.84,-21.67
321888,17.27,-56.09,19.04
322092,308.96,-207.76,125.98
322296,39.43,91.86,-37.29
322499,88.75,216.06,-56.7
322702,106.81,272.58,133.06
322906,17.46,6.04,88.75
323110,-4.33,-23.74,7.45
323313,2.87,5.55,39.31
323516,-5.19,41.87,50.05
323718,-1.59,-24.66,-8.67
323922,-4.27,-5.62,17.76
324126,-9.95,8.0,-0.12
324330,-85.88,54.87,-134.09
324536,-87.59,-78.8,20.02
324741,-157.78,-93.99,-33.08
324946,-606.63,155.03,-36.32
325151,-112.49,2.5,-39.79
325354,38.51,13.0,9.4
325558,22.22,25.02,14.4
325761,-6.29,13.79,6.1
325965,-1.28,4.09,-1.04
326168,-7.14,-1.1,-1.22
326372,-2.69,-0.31,-1.4
326577,4.52,0.49,-0.55
326781,-3.42,-0.79,-0.49
326987,-13.18,-1.46,-3.11
327191,-14.28,0.73,-4.09
327396,-6.41,-0.73,-0.18
327601,-2.81,0.37,-1.59
327805,-12.94,-1.34,-2.62
328008,2.2,0.31,-3.11
328211,46.94,-94.06,16.72
328415,94.48,-61.04,-260.19
328618,177.92,282.9,-33.69
328821,69.76,-221.92,863.71
329024,-17.76,-168.46,-152.34
329226,105.83,197.51,64.39
329429,23.68,200.93,32.84
329634,-172.97,-240.66,-26.98
329838,-52.06,-348.51,-66.28
330041,-112.3,-151.0,44.98
330245,147.95,63.05,-103.39
330449,161.01,481.51,20.2
330652,187.19,228.33,210.14
330856,-178.77,-203.43,-224.3
331061,-101.01,-469.54,-71.78
331266,103.27,200.68,-3.42
331469,142.21,503.54,228.76
331672,-65.31,-50.54,93.26
331877,-94.67,-394.78,-274.11
332080,101.44,28.44,259.09
332283,55.18,348.14,-49.87
332487,852.42,-284.06,-61.89
332692,-128.54,-260.38,-82.52
332897,-58.23,-5.98,107.73
333101,98.94,123.9,-10.19
333305,58.29,-4.27,82.28
333508,52.12,-23.62,-90.39
333712,-104.06,16.85,19.53
333916,-71.59,-119.2,-64.88
334120,17.27,-15.32,45.53
334322,-0.61,19.23,-11.05
334525,36.62,4.39,31.98
334729,30.52,86.36,49.8
334933,-43.4,-81.97,-111.82
335136,-81.79,-66.47,-126.28
335341,-43.27,36.32,72.2
335544,29.11,-48.03,-82.34
335748,5.68,20.39,-33.39
335951,16.97,-0.31,-53.71
336155,4.76,88.56,-11.35
336358,10.13,-49.62,-82.03
336563,11.05,43.76,-18.49
336766,-8.18,52.12,-18.62
336970,22.09,86.0,29.11
337175,50.78,269.59,147.89
337378,-820.98,374.15,441.71
337580,-32.84,-199.4,-36.32
337784,-25.51,145.57,180.79
337987,-16.85,4.52,-64.45
338190,-55.91,-119.08,26.37
338394,7.45,156.19,28.99
338597,51.15,-109.68,1.1
338800,1.22,3.48,-94.24
339003,-35.28,124.51,98.27
339206,-40.41,-229.86,-59.63
339409,76.6,163.45,-60.42
339612,-684.27,-97.05,-134.64
339814,-134.34,-25.27,-128.05
340017,-186.04,21.85,46.02
340220,-40.41,-293.76,-24.41
340423,-41.2,-30.4,-72.08
340627,63.66,181.03,124.21
340830,99.67,-11.66,202.09
341032,93.38,25.02,-37.72
341235,-102.72,-19.17,-89.9
341438,-45.35,73.0,8.91
341641,4.46,-26.61,6.29
341844,38.33,50.54,-24.17
342046,76.6,-66.04,22.4
342250,-86.79,84.72,-100.52
342452,-98.02,-164.0,-91.8
342656,11.47,52.92,77.64
342859,-20.51,73.06,13.49
343062,105.41,-20.39,68.54
343266,-59.69,40.28,9.58
343470,-3.54,-187.56,-13.12
343673,-74.58,344.54,-51.21
343879,49.99,115.91,33.69
344083,19.1,-58.84,-222.17
344285,39.67,-282.84,203.61
344487,-41.32,14.1,-109.01
344690,153.75,-129.88,-284.12
344892,-208.07,324.95,165.71
345095,429.75,-343.69,-75.62
345297,24.11,61.83,-231.38
345500,-45.41,116.46,120.18
345705,-53.77,17.76,-43.03
345908,44.01,-63.35,-9.03
346113,29.11,-50.78,-13.79
346316,-8.73,67.69,12.88
346519,-6.16,-42.3,22.22
346721,40.59,-17.09,53.04
346924,58.04,-93.99,-44.74
347127,-4.88,-34.73,53.77
347330,-80.81,43.09,15.99
347533,-82.58,4.88,9.03
347736,-1.34,-30.15,-24.23
347938,-0.55,-0.98,-9.34
348141,-63.96,145.87,192.26
348344,11.35,34.12,37.9
348546,94.67,-102.48,3.54
348750,16.05,-16.11,12.15
348952,1.77,12.39,18.07
349155,23.38,-95.4,-117.8
349359,100.28,-84.29,-55.85
349563,-140.14,184.63,33.45
349766,-134.4,141.78,200.5
349969,87.52,-214.36,-148.5
350175,7.87,138.61,-14.1
350378,-21.73,-73.49,-34.12
350581,80.32,-234.01,85.08
350784,-161.93,494.2,-73.55
350987,129.82,-586.49,3.54
351190,-29.48,388.43,-259.64
351394,-98.75,46.88,33.02
351598,34.91,-374.08,168.27
351802,-139.16,505.13,-272.28
352007,75.87,-115.23,-47.61
352209,-116.03,211.3,13.67
352412,32.23,-219.79,-114.99
352615,91.74,-403.93,168.7
352818,-17.4,-118.77,-34.24
353021,-10.38,-123.66,-62.68
353223,-55.11,33.33,56.95
353426,-122.8,-17.33,8.06
353629,31.13,-34.97,-6.29
353832,-42.24,390.93,-12.63
354035,-40.28,282.84,-95.76
354238,-217.77,458.56,152.95
354440,82.34,5.0,30.58
354643,77.33,-423.52,-7.75
354845,-144.29,-476.14,-82.28
355048,-93.63,224.12,132.75
355250,-336.61,808.11,-244.57
355453,85.69,-68.18,-142.76
355655,6.1,-74.46,-6.23
355858,97.17,1.95,11.84
356061,117.8,-175.17,17.64
356264,-19.35,-321.9,94.97
356467,-43.7,-244.51,-126.65
356670,-111.15,-34.85,158.08
356873,3.54,-91.19,-161.93
357076,-45.96,75.07,43.4
357279,106.14,38.82,-61.71
357483,-23.62,299.19,25.45
357685,-56.64,210.21,-114.5
357890,-60.49,190.67,59.88
358092,-80.26,29.48,167.24
358295,9.89,-43.76,-10.68
358498,-12.7,7.93,23.62
358701,13.67,-63.05,-30.21
358903,-0.37,15.87,1.83
359106,15.26,-21.97,4.76
359310,-5.19,-4.88,-8.12
359514,2.38,13.55,7.08
359717,3.6,-5.8,-5.43
359921,-2.01,-0.98,-1.77
360125,3.23,-5.92,-2.93
360329,-17.82,8.42,2.38
360532,35.71,-453.31,45.35
360735,-41.56,290.95,-129.27
360937,-7.75,80.87,71.47
361140,6.9,-61.83,18.01
361343,-7.08,43.52,-3.3
361546,-4.94,5.43,-4.03
361748,9.83,-16.48,-1.28
361951,-1.16,12.39,2.62
362154,0.18,0.49,1.34
362358,4.33,-5.19,0.43
362561,2.81,-7.93,0.0
362764,-1.59,4.27,2.75
362969,-0.73,3.66,3.05
363172,-0.31,-0.31,0.98
363376,3.6,-4.27,-3.36
363581,-54.81,-146.97,-40.22
363785,-46.75,-50.29,-58.96
363988,104.98,67.08,-9.46
364191,-79.47,385.99,120.06
364394,83.44,-401.67,-21.12
364597,-30.76,326.78,-153.38
364801,-11.29,-77.33,6.53
365005,56.27,-25.39,-27.83
365209,8.0,-198.73,-35.64
365414,-16.05,153.02,-72.94
365617,81.24,-416.14,-73.91
365822,-156.01,498.29,-133.42
366024,232.48,-562.26,59.94
366227,-265.32,640.5,47.3
366430,109.44,-195.19,120.48
366633,26.79,-255.55,-154.24
366836,-113.4,499.57,-47.49
367041,273.86,-507.87,4.15
367245,-4.33,-34.0,-20.32
367448,-229.19,393.31,43.33
367654,-88.75,249.39,-69.09
367857,138.0,-268.25,38.45
368060,76.35,-5.8,-26.86
368264,145.14,-307.01,54.08
368467,-13.55,66.22,-25.82
368670,11.78,-67.5,-9.95
368875,-15.63,64.45,9.83
369080,2.26,-14.1,0.37
369284,-1.65,-2.26,0.24
369487,-5.98,15.75,4.03
369692,0.85,-0.61,-5.31
369896,-0.37,3.11,-5.31
370101,-2.01,2.14,-4.82
370304,1.89,-3.72,-6.41
370509,1.46,-2.08,-3.97
370714,-2.69,5.92,-3.78
370917,1.22,1.65,-2.01
371121,-0.92,-2.2,0.79
371326,34.12,-33.33,92.65
371529,32.78,-99.49,-138.98
371731,-80.51,214.36,59.2
371935,32.65,-61.4,-36.93
372139,-14.34,37.66,-18.68
372343,0.92,-20.14,6.53
372547,-8.97,14.47,6.84
372751,1.22,-8.79,-12.88
372954,-1.53,12.94,4.52
373157,-1.65,12.88,28.14
373360,-37.41,-31.31,-17.33
373563,90.39,-184.75,83.5
373766,-79.83,433.23,18.49
373968,29.97,-133.79,8.12
374173,-73.79,152.59,-9.4
374375,17.52,-34.06,-23.32
374579,19.17,-70.13,-42.05
374784,2.75,8.42,-4.33
374987,-56.34,138.12,4.88
375193,0.79,0.98,-49.07
375396,8.73,-12.45,-17.03
375599,-8.12,-60.36,-59.94
375805,-9.16,-20.45,3.66
376010,14.59,-44.43,-53.28
376213,-8.3,57.25,-19.9
376418,-5.31,2.81,-38.09
376623,-0.06,21.48,-0.49
376829,-16.42,-17.94,-7.32
377033,-38.15,72.63,37.23
377235,29.85,-33.81,-12.15
377440,-99.24,56.82,87.65
377643,84.47,-98.14,-25.7
377846,28.02,-2.62,-2.81
378052,-8.0,8.3,6.04
378257,3.66,-34.12,-26.55
378460,19.78,-15.99,-2.99
378665,-38.7,-64.39,66.47
378870,1.04,-47.24,124.45
379075,74.58,-89.11,87.22
379279,0.18,37.23,-45.9
379482,4.64,-68.6,-10.56
379688,-14.77,44.25,2.38
379892,1.28,-8.48,-3.97
380097,3.72,-9.34,7.93
380299,-8.36,28.02,10.8
380504,-1.95,-1.28,1.95
380710,4.88,-1.1,6.1
380913,-2.62,5.74,11.41
381117,0.18,3.42,2.99
381321,1.65,0.49,0.31
381524,3.97,1.22,-0.12
381728,3.05,0.24,2.2
381931,2.08,-1.16,2.2
382134,0.98,0.73,3.78
382336,-1.46,3.17,-2.93
382541,-2.62,3.91,-3.3
382746,-5.86,8.12,-0.43
382949,-10.25,11.72,-7.63
383151,-8.73,8.06,-4.7
383356,-2.87,4.15,-3.85
383562,-3.17,8.0,-4.76
383765,-0.55,8.3,-2.08
383969,1.04,1.46,2.5
384173,-2.32,1.65,-3.23
384378,0.12,-1.95,-0.67
384581,8.36,-9.83,-11.35
384785,7.08,-17.46,-21.61
384989,-4.15,12.57,-10.19
385192,-6.96,11.47,-4.33
385395,3.42,0.12,1.77
385597,4.15,-4.15,-2.08
385801,6.96,-5.13,2.81
386005,7.2,23.13,-8.67
386209,9.16,43.27,25.88
386411,28.93,-39.86,-27.83
386615,0.73,11.78,25.88
386819,-4.33,-103.7,-26.12
387022,55.79,-220.15,83.92
387227,-127.14,504.58,-244.38
387430,164.55,-517.09,113.28
387632,-328.86,592.22,-123.17
387836,52.49,-145.2,64.27
388040,52.06,67.38,18.13
388242,19.78,-247.92,8.91
388447,-99.98,364.62,53.59
388650,55.79,-116.46,33.94
388855,47.55,-210.82,31.07
389058,-64.45,232.79,-30.82
389262,31.13,-81.73,-15.75
389466,-4.76,11.05,-0.49
389671,-8.85,15.32,-0.12
389874,-5.25,8.85,-1.83
390077,-0.37,4.33,2.32
390281,0.24,-6.59,-0.55
390484,2.93,3.42,-2.32
390688,0.06,1.4,-2.32
390891,-0.79,4.09,-2.38
391096,-2.38,8.97,-0.67
391299,40.53,-16.17,3.3
391502,7.87,-263.43,12.76
391707,36.38,133.54,-133.97
391910,-65.43,140.5,141.72
392115,56.09,-386.05,90.09
392319,-255.55,573.24,22.03
392522,125.24,-364.38,-78.86
392725,-70.13,196.9,1.34
392928,33.45,-80.81,-16.91
393131,-19.59,46.02,2.69
393336,10.13,-18.25,-2.81
393539,0.55,-2.81,-1.77
393743,-1.65,2.2,-0.55
393946,-1.4,2.01,-1.46
394148,1.1,-2.5,-0.85
394352,4.27,-3.91,1.89
394555,1.89,-1.83,-0.85
394758,-2.87,3.3,0.24
394961,1.95,-0.37,-1.1
395166,3.36,-3.23,1.46
395369,33.69,-14.28,4.03
395573,-93.81,168.58,51.94
395776,119.08,-386.72,8.48
395980,-47.55,352.72,-93.81
396184,148.01,-440.37,-87.34
396390,-118.84,303.47,-83.62
396597,52.06,-144.78,-36.19
396800,-33.08,68.36,6.04
397003,7.81,-28.14,-4.94
397209,-4.33,5.37,-0.85
397412,-4.27,6.23,0.49
397615,2.81,-1.46,-1.4
397819,-1.77,0.31,-1.46
398022,4.88,-4.82,-0.37
398226,2.75,-2.26,-1.53
398428,-2.44,0.24,-1.53
398632,7.2,-16.42,1.89
398835,-0.43,0.37,4.88
399038,-0.67,5.55,3.54
399242,-14.47,0.31,0.06
399446,0.79,-0.73,-2.26
399652,5.86,-2.99,-2.32
399857,-2.14,1.83,-3.6
400061,3.66,-3.66,0.18
400264,10.25,35.89,-9.52
400467,111.88,-332.95,-0.73
400673,-37.05,261.11,-53.41
400877,77.39,-210.02,-50.6
401081,-34.48,77.27,2.38
401286,19.29,-52.0,-4.09
401490,-15.32,28.26,-0.49
401693,-3.11,5.98,-2.2
401896,4.88,-6.77,-2.93
402102,2.26,-1.4,-0.18
402307,-50.96,86.61,3.48
402511,10.93,-25.94,-3.97
402715,10.86,-18.43,-0.18
402921,-8.36,15.69,0.73
403125,-4.82,3.6,-0.37
403329,-0.12,-1.4,-3.91
403532,1.4,-0.92,-0.37
403735,3.72,1.04,1.77
403938,-4.94,5.31,-0.31
404143,4.03,-1.59,-1.16
404345,-0.31,0.73,-1.95
404549,-3.36,3.23,-1.59
404751,2.62,-1.34,-2.2
404955,-0.43,-0.43,-1.22
405157,-2.99,2.01,-2.26
405361,3.85,0.12,0.67
405565,-2.14,1.77,0.43
405769,-1.71,2.75,-1.77
405972,0.12,-0.06,-3.54
406176,1.46,0.06,2.2
406379,-0.67,1.22,0.37
406582,-0.24,3.05,0.12
406786,6.41,21.12,-3.91
406989,-76.78,87.1,55.05
407194,69.7,-169.86,22.89
407397,-53.16,182.98,46.94
407603,17.7,-40.47,-6.84
407808,3.23,-9.03,-1.46
408011,-3.91,3.85,2.14
408215,4.09,15.56,-8.85
408418,32.65,75.93,-52.55
408621,-114.26,244.38,45.29
408826,56.4,-44.07,-35.03
409030,45.23,-7.26,2.99
409234,26.55,21.18,-35.03
409438,3.05,-7.32,-5.19
409643,8.61,-3.66,-14.22
409848,1.04,2.26,-16.54
410053,46.75,-2.93,-2.69
410255,-20.2,35.52,-7.26
410458,-841.86,233.22,24.96
410661,-62.93,5.31,-2.44
410865,-2.14,-1.46,-1.28
411071,4.58,7.81,1.22
411275,-1.22,-2.26,27.59
411479,-81.18,-9.52,6.35
411682,-9.46,-0.98,1.16
411887,-3.48,-0.06,-2.93
412092,-29.42,-3.36,-1.04
412296,-18.07,-1.65,-1.16
412499,-28.08,-6.29,18.07
412704,31.62,3.11,0.73
412910,2.44,0.43,-0.49
413113,2.62,2.44,-3.05
413318,2.08,0.55,-8.06
413521,9.95,1.28,-2.14
413724,0.06,-15.56,-6.96
413927,7.45,1.1,-0.79
414130,-0.55,0.18,-0.49
414334,1.16,0.43,-0.61
414536,0.37,0.24,-1.1
414739,2.08,0.49,-0.67
414943,0.92,0.31,-0.55
415147,1.22,0.37,-0.55
415351,1.71,0.43,-0.61
415556,1.77,0.12,-3.78
415760,2.69,0.55,-0.49
415963,1.34,0.37,-0.55
416166,0.49,0.31,-0.55
416371,1.28,0.37,-0.55
416575,-0.12,0.18,-0.61
416779,2.5,0.55,-0.55
416984,-0.55,0.12,-1.77
417189,1.89,0.49,-0.55
417392,0.37,0.24,-0.55
417595,0.61,0.24,-0.55
417800,-0.43,0.18,-0.55
418005,0.73,0.31,-0.55
418209,1.34,0.37,-0.55
418414,-0.18,0.18,-0.55
418618,0.67,0.24,-0.55
418824,0.85,0.31,-0.55
419028,0.06,0.18,-0.55
419232,0.06,0.24,-0.55
419435,-0.24,0.18,-0.55
419637,0.12,0.24,-0.55
419841,0.92,0.31,-0.55
420046,0.61,0.31,-0.55
420249,0.37,0.24,-0.55
420454,0.49,0.24,-0.55
420657,0.85,0.31,-0.55
420859,0.24,0.24,-0.55
421062,2.93,0.49,-0.49
421266,-0.31,0.18,-0.55
421470,-0.12,0.18,-0.55
421675,0.73,0.37,-0.55
421878,0.92,0.31,-0.55
422084,0.43,0.24,-0.55
422289,1.53,0.43,-0.55
422494,0.98,0.31,-0.55
422697,1.1,0.37,-0.61
422902,2.08,0.12,-4.21
423108,-0.31,0.18,-0.61
423311,-1.4,0.06,-0.61
423517,-0.73,0.12,-0.61
423721,1.16,0.37,-0.55
423926,1.59,0.37,-0.55
424129,1.1,0.31,-0.55
424332,1.59,0.43,-0.55
424537,1.28,0.37,-0.55
424739,0.43,0.24,-0.55
424942,-0.37,0.18,-0.55
425146,0.18,0.24,-0.61
425349,2.56,0.55,-0.49
425552,-0.79,0.12,-0.55
425757,-0.55,0.12,-0.55
425961,1.1,0.31,-0.55
426165,0.37,0.24,-0.55
426368,0.12,0.24,-0.61
426571,0.67,0.31,-0.55
426775,0.67,0.31,-0.55
426978,0.92,0.31,-0.49
427182,0.31,0.24,-0.55
427388,0.67,0.31,-0.61
427592,0.43,0.24,-0.55
427795,-0.31,0.18,-0.55
428000,-1.46,0.06,-0.55
428205,0.92,0.31,-0.55
428408,0.18,0.24,-0.61
428611,0.73,0.31,-0.55
428815,0.79,0.31,-0.55
429020,-0.98,0.12,-0.61
429223,3.66,0.31,-3.91
429428,2.32,0.49,-0.55
429633,2.2,0.49,-0.55
429838,-1.83,0.0,-0.55
430041,0.73,0.12,-2.38
430246,-5.19,-1.16,-8.18
430449,-5.92,-3.91,-29.54
430654,-24.35,-2.87,9.16
430858,-18.92,-0.73,-15.99
431063,65.19,18.37,-67.08
431266,30.58,-11.35,0.0
431470,-4.09,-36.87,19.29
431674,-0.37,0.61,-0.67
431879,-5.37,-0.43,9.09
432083,10.19,-4.58,-0.61
432286,-17.33,111.33,-47.67
432490,-1.4,2.5,-0.43
432693,7.93,-4.03,0.06
432897,-2.5,1.89,-0.92
433101,0.55,0.18,-0.55
433304,0.43,0.24,-0.55
433509,-0.12,0.55,-0.61
433713,0.43,0.24,-0.55
433918,-11.05,114.81,-1.4
434123,14.89,70.01,-336.49
434326,70.43,40.04,15.99
434529,44.98,-18.98,8.18
434735,-60.73,28.44,83.8
434939,-42.85,9.7,37.66
435143,-56.34,4.03,42.6
435348,19.1,-40.83,32.71
435550,-24.35,-3.72,15.63
435753,435995.0,-74.71,-0.06
436199,-145.02,13.0,-55.6
436403,-23.25,-65.06,-44.56
436607,78.86,-40.28,-81.36
436810,32.41,-83.19,-111.57
437014,37.41,-121.77,-388.12
437218,99.0,-241.58,125.31
437424,70.25,-285.03,36.93
437627,-63.17,205.02,125.06
437830,64.33,-46.75,-99.55
438035,-20.51,4.7,77.33
438238,19.84,88.93,28.99
438441,3.23,-79.04,-0.73
438644,-68.48,8.0,5.49
438849,-67.02,19.84,-49.13
439055,-117.0,107.24,-29.11
439258,174.74,-270.45,-57.37
439463,78.0,-10.07,68.18
439669,-3.78,45.23,-72.08
439874,-13.37,57.74,2.26
440076,-1.89,13.0,-4.15
440280,-0.98,-2.26,11.84
440484,0.43,1.59,-0.85
440687,0.67,0.18,-1.1
440889,10.25,-33.75,17.64
441095,-63.42,143.86,-38.27
441298,36.01,-362.24,113.4
441502,-37.48,-169.43,36.87
441707,28.99,13.61,-112.12
441912,9.83,28.81,20.39
442115,34.61,1.04,-11.72
442319,58.59,62.13,-63.96
442523,115.3,-0.06,-109.19
442728,-112.61,422.85,-56.95
442933,-230.9,341.19,527.1
443139,62.74,-162.6,-176.33
443345,84.53,-52.98,-153.93
443551,-17.33,157.23,138.49
443754,52.73,-82.76,-57.86
443957,22.83,4.64,-9.46
444162,6.96,53.89,20.87
444366,-17.09,12.33,6.04
444569,-2.87,2.69,11.29
444773,8.0,-1.59,-4.09
444976,13.55,2.32,-19.59
445180,-13.06,22.89,10.93
445384,24.9,0.43,-82.09
445589,16.6,-2.01,-111.45
445794,-9.58,-1.28,-45.29
445997,10.74,30.7,36.25
446199,21.36,-78.98,-29.48
446403,16.17,36.93,-115.72
446606,8.36,-24.66,11.9
446809,-7.57,-2.44,22.89
447013,-2.14,-46.69,35.95
447217,67.2,-61.46,-87.71
447421,157.41,-81.05,-203.61
447625,332.89,-242.92,32.71
447828,-70.19,248.17,-164.92
448031,-173.77,301.39,237.37
448235,24.66,-32.9,-181.21
448439,-339.29,-28.14,-288.39
448643,-100.1,-7.39,-121.7
448846,75.44,3.91,-99.12
449051,-110.23,269.17,153.38
449254,-82.09,-153.93,-165.1
449458,-31.37,40.77,22.71
449662,21.06,122.31,182.31
449865,34.48,-20.81,53.96
450070,38.02,60.73,-44.62
450275,52.49,28.63,76.48
450478,-79.35,24.6,-21.12
450681,40.04,54.44,-56.15
450884,-40.1,444.15,-218.02
451088,-25.33,422.55,367.31
451290,-38.09,-19.65,-83.74
451493,57.8,-15.14,-332.95
451698,-79.96,134.58,-164.06
451902,-5.43,67.26,11.41
452105,878.66,-228.64,165.89
452309,-2.5,-9.58,13.37
452513,-0.06,0.79,-0.55
452718,0.98,-0.18,-0.55
452921,0.61,0.24,-0.55
453124,0.61,0.18,-0.55
453327,0.67,0.12,-0.55
453532,0.43,0.31,-0.55
453735,0.55,0.18,-0.55
453940,0.37,0.49,-0.61
454143,0.37,0.31,-0.61
454347,0.61,0.31,-0.61
454552,0.67,0.12,-0.55
454757,0.49,0.31,-0.55
454959,0.49,0.24,-0.55
455163,0.37,0.31,-0.61
455367,0.49,0.31,-0.55
455572,0.85,-0.12,-0.55
455777,0.43,0.31,-0.55
455980,0.61,0.12,-0.61
456184,0.49,0.24,-0.55
456389,0.49,0.18,-0.55
456591,0.49,0.24,-0.61
456794,0.55,0.24,-0.55
456998,0.49,0.24,-0.55
457201,0.49,0.24,-0.55
457407,0.43,0.43,-0.55
457611,0.49,0.24,-0.55
457815,0.24,0.55,-0.67
458020,0.49,0.24,-0.55
458223,0.31,0.31,-0.55
458428,0.55,0.12,-0.55
458633,1.04,0.06,-0.55
458835,0.85,0.18,-0.55
459038,0.49,0.31,-0.55
459243,0.55,0.31,-0.55
459446,0.49,0.31,-0.55
459651,0.49,0.31,-0.61
459855,0.43,0.24,-0.55
460059,0.37,0.37,-0.61
460262,0.18,0.61,-0.55
460467,0.55,0.12,-0.55
460670,0.49,0.24,-0.55
460873,-0.79,1.71,-0.73
461076,0.61,0.18,-0.55
461281,0.43,0.24,-0.61
461485,0.55,0.18,-0.55
461689,0.49,0.31,-0.55
461892,0.49,0.24,-0.61
462095,0.49,0.31,-0.55
462300,0.43,0.18,-0.55
462505,0.55,0.24,-0.55
462709,0.73,-0.06,-0.55
462912,1.04,-0.24,-0.55
463115,12.7,28.75,2.26
463318,-0.37,-0.18,6.1
463521,0.24,0.31,-0.61
463724,4.82,-4.46,17.76
463929,2.14,-3.72,57.07
464134,-1.4,1.34,36.13
464337,-20.45,-1.65,5.55
464542,0.18,0.18,-0.55
464745,-0.73,0.18,-1.16
464949,2.14,0.92,-0.18
465151,0.49,-0.31,-0.55
465354,0.67,0.43,-0.49
465558,1.1,0.12,-0.67
465764,-1.16,0.06,-0.43
465967,1.1,0.49,-0.49
466170,2.38,0.43,-0.73
466374,-0.49,0.37,-0.43
466577,1.77,0.43,-0.55
466779,2.5,0.37,-0.73
466983,1.04,0.31,-0.55
467185,0.55,0.12,-0.55
467388,2.01,0.18,-0.67
467593,3.05,0.73,-0.67
467796,-0.85,0.31,-0.43
468001,1.16,0.06,-0.61
468206,-5.31,-0.61,-0.31
468412,0.79,0.37,-0.55
468616,1.95,-0.06,-0.67
468819,0.37,0.24,-0.55
469022,1.83,0.31,-0.43
469225,-0.12,0.12,-0.49
469430,-0.06,0.12,-0.61
469633,0.37,0.31,-0.49
469836,0.37,0.18,-0.55
470039,1.16,0.55,-0.55
470242,0.55,0.24,-0.55
470445,0.49,0.12,-0.55
470648,0.61,0.37,-0.55
470851,0.43,0.12,-0.55
471053,0.12,0.31,-0.55
471256,0.18,0.18,-0.55
471460,1.71,0.37,-0.55
471664,1.4,0.31,-0.61
471868,0.49,0.37,-0.55
472071,1.4,0.55,-0.55
472275,-0.55,0.24,-0.49
472477,0.85,0.43,-0.55
472680,0.12,0.18,-0.55
472884,-0.79,0.31,-0.49
473087,0.31,0.49,-0.49
473289,-1.34,0.0,-0.49
473494,0.49,0.12,-0.61
473698,1.4,0.61,-0.55
473902,0.37,0.18,-0.55
474106,0.37,0.12,-0.55
474309,0.49,0.24,-0.55
474513,0.98,0.0,-0.55
474718,0.0,0.24,-0.55
474923,0.43,0.31,-0.55
475126,0.61,0.31,-0.55
475330,2.56,0.37,-0.67
475533,0.31,0.31,-0.49
475739,0.0,0.24,-0.55
475943,0.06,0.24,-0.49
476147,0.79,1.1,-0.24
476350,2.26,-172.85,-70.37
476553,37.96,-170.35,19.17
476758,-22.22,71.35,-67.87
476961,18.01,68.79,80.32
477166,108.28,-50.96,-247.92
477369,-41.32,-225.4,199.95
477572,-6.16,130.0,-229.25
477775,-92.83,690.49,-115.3
477978,-77.76,-210.27,-186.77
478183,-71.72,-36.19,303.83
478386,6.9,0.92,-262.02
478589,56.27,-184.27,-67.75
478792,-96.74,373.66,183.53
478996,116.7,-301.09,-102.54
479200,-141.11,163.45,179.5
479404,-32.78,-48.95,75.07
479607,-75.81,66.71,-109.44
479810,12.21,-1.71,-0.92
480013,3.85,0.31,-0.55
480215,0.61,0.24,-0.61
480418,0.98,0.31,-0.61
480622,1.59,0.12,-0.61
480824,-0.31,0.31,-0.67
481028,-0.24,0.31,-0.67
481231,-0.73,0.24,-0.61
481435,2.5,0.37,-0.55
481638,0.92,0.31,-0.61
481842,0.67,0.31,-0.55
482047,0.31,0.31,-0.55
482250,1.77,0.31,-0.55
482453,0.73,0.31,-0.67
482657,-0.43,0.31,-0.61
482860,0.31,0.24,-0.55
483064,-0.49,0.24,-0.61
483267,-0.43,0.31,-0.61
483469,1.46,0.31,-0.49
483673,0.67,0.24,-0.49
483877,0.92,0.31,-0.61
484080,-2.32,0.24,-0.55
484283,-0.24,0.31,-0.55
484487,0.31,0.24,-0.55
484689,0.18,0.31,-0.55
484894,-0.06,0.31,-0.61
485098,0.18,0.24,-0.61
485301,1.16,0.31,-0.55
485504,2.56,0.31,-0.55
485706,1.28,0.31,-0.55
485909,0.61,0.31,-0.49
486113,0.92,0.31,-0.55
486316,-1.22,0.24,-0.55
486519,1.4,0.31,-0.55
486722,2.38,0.31,-0.55
486924,0.85,0.31,-0.55
487128,0.85,0.31,-0.49
487331,2.14,0.31,-0.55
487534,-0.24,0.24,-0.55
487737,0.73,0.31,-0.49
487940,0.49,0.31,-0.55
488144,-0.31,0.31,-0.49
488347,-0.37,0.31,-0.61
488549,-0.12,0.31,-0.55
488753,1.28,0.31,-0.55
488956,0.12,0.24,-0.55
489159,0.12,0.31,-0.55
489363,1.89,0.31,-0.55
489566,-0.43,0.24,-0.55
489771,0.92,0.31,-0.55
489975,-0.18,0.24,-0.55
490179,0.55,0.31,-0.55
490382,1.28,0.31,-0.55
490585,1.22,0.24,-0.55
490788,-1.28,0.24,-0.55
490991,0.61,0.24,-0.55
491195,0.43,0.31,-0.55
491399,1.16,0.31,-0.55
491602,2.32,0.31,-0.55
491805,2.14,0.31,-0.49
492008,0.49,0.24,-0.55
492210,-0.92,0.24,-0.61
492413,0.37,0.31,-0.55
492616,2.26,0.24,-0.55
492818,0.18,0.31,-0.55
493021,0.55,0.31,-0.55
493224,0.67,0.31,-0.55
493426,0.18,0.31,-0.55
493629,-0.06,0.31,-0.55
493831,-1.83,0.24,-0.61
494035,0.67,0.24,-0.55
494237,0.43,0.24,-0.55
494440,1.4,0.24,-0.55
494642,0.18,0.31,-0.61
494846,-0.31,0.31,-0.61
495049,0.85,0.24,-0.55
495252,1.22,0.31,-0.55
495455,1.59,0.24,-0.55
495657,-2.44,0.24,-0.67
495860,-1.4,0.24,-0.55
496063,9.16,0.06,-0.67
496267,3.6,0.31,-0.55
496470,1.46,0.31,-0.55
496675,4.27,0.31,-0.49
496877,-0.67,0.31,-0.55
497082,0.24,0.31,-0.55
497285,0.67,0.31,-0.55
497489,0.49,0.31,-0.61
497693,1.83,0.43,-1.77
497897,-3.42,0.06,-0.24
498100,2.32,0.37,-0.49
498303,-3.17,0.18,-0.73
498507,1.04,0.37,-0.92
498710,0.37,0.18,-0.55
498914,0.49,0.31,-0.55
499116,0.43,0.49,-0.85
499319,0.49,0.31,-0.61
499524,0.43,0.31,-0.55
499730,0.43,0.24,-0.61
499932,0.49,0.31,-0.61
500135,0.49,0.31,-0.55
500339,0.49,0.24,-0.55
500542,0.49,0.24,-0.55
500746,0.49,0.31,-0.55
500950,0.43,0.31,-0.61
501152,0.55,0.31,-0.61
501355,0.49,0.24,-0.55
501558,0.49,0.31,-0.55
501762,0.49,0.31,-0.55
501965,0.49,0.24,-0.55
502169,0.49,0.24,-0.55
502372,0.49,0.37,-0.55
502576,0.43,0.24,-0.55
502779,0.49,0.31,-0.55
502982,0.49,0.31,-0.55
503185,0.49,0.24,-0.61
503389,0.49,0.24,-0.55
503593,0.49,0.31,-0.55
503796,0.49,0.31,-0.55
503999,0.49,0.31,-0.55
504202,0.49,0.24,-0.55
504408,0.49,0.31,-0.55
504611,0.43,0.31,-0.55
504814,0.43,0.24,-0.55
505018,0.49,0.24,-0.55
505222,0.49,0.24,-0.55
505427,0.49,0.24,-0.55
505630,0.49,0.31,-0.55
505834,0.49,0.31,-0.55
506038,0.49,0.31,-0.55
506242,0.49,0.31,-0.55
506446,0.49,0.24,-0.55
506650,0.49,0.31,-0.55
506853,0.49,0.24,-0.55
507055,0.49,0.31,-0.55
507258,0.49,0.31,-0.55
507462,0.49,0.31,-0.55
507667,0.43,0.24,-0.55
507872,0.49,0.24,-0.55
508076,0.49,0.24,-0.55
508280,0.43,0.24,-0.55
508484,0.43,0.06,-0.61
508689,0.43,0.18,-0.61
508894,0.43,0.31,-0.55
509098,0.49,0.31,-0.55
509300,0.49,0.31,-0.55
509503,0.49,0.0,-0.61
509707,0.49,0.24,-0.55
509909,0.49,0.24,-0.55
510112,0.49,0.24,-0.55
510314,0.49,0.31,-0.55
510518,0.43,0.24,-0.55
510721,0.55,0.37,-0.55
510924,0.43,0.24,-0.55
511127,0.49,0.24,-0.55
511330,0.49,0.31,-0.55
511533,0.43,0.24,-0.55
511736,0.49,0.24,-0.55
511940,0.49,0.31,-0.55
512146,0.79,0.85,-0.67
512350,0.55,0.67,-0.55
512552,0.43,0.31,-0.55
512756,0.49,0.37,-0.55
512960,0.49,0.24,-0.55
513163,0.43,0.06,-0.61
513367,0.49,0.18,-0.55
513571,0.67,0.61,-0.49
513775,0.43,0.0,-0.61
513979,0.49,0.31,-0.55
514182,-2.99,-0.37,-1.46
514385,0.43,0.12,-0.49
514588,0.49,0.31,-0.55
514791,-38.94,3.6,-136.17
514995,13.61,-13.37,5.86
515198,27.89,1.83,8.97
515400,3.6,0.31,-0.43
515603,-0.85,0.24,-0.61
515806,1.16,0.31,-0.55
516010,5.68,-0.12,0.18
516213,-1.59,0.31,-0.55
516415,1.53,0.31,-0.55
516618,1.04,0.24,-0.55
516822,3.78,0.24,-0.31
517025,1.95,0.31,-0.49
517228,-0.06,0.24,-0.55
517431,0.18,0.24,-0.61
517634,0.31,0.24,-0.55
517837,0.67,0.24,-0.55
518040,0.73,0.31,-0.55
518243,0.31,0.24,-0.55
518446,0.18,0.24,-0.55
518649,0.37,0.24,-0.55
518854,0.49,0.31,-0.55
519057,0.61,0.24,-0.55
519260,0.18,0.24,-0.61
519463,0.49,0.24,-0.55
519666,0.61,0.24,-0.55
519868,0.73,0.31,-0.55
520072,0.49,0.24,-0.55
520275,0.31,0.24,-0.55
520477,0.49,0.31,-0.55
520680,0.49,0.31,-0.55
520883,0.55,0.31,-0.55
521087,0.49,0.31,-0.55
521290,0.67,0.24,-0.55
521493,0.49,0.24,-0.55
521696,0.55,0.24,-0.55
521899,0.67,0.24,-0.55
522102,0.98,0.24,-0.55
522306,0.12,0.24,-0.55
522510,0.18,0.24,-0.49
522713,0.67,0.24,-0.55
522916,0.61,0.31,-0.61
523119,0.43,0.31,-0.55
523322,0.24,0.31,-0.55
523525,0.49,0.24,-0.49
523728,0.55,0.24,-0.55
523930,0.67,0.24,-0.55
524133,0.37,0.24,-0.55
524337,0.43,0.31,-0.55
524540,0.31,0.24,-0.55
524743,0.67,0.24,-0.55
524946,0.49,0.24,-0.61
525149,0.55,0.31,-0.55
525353,0.55,0.31,-0.55
525556,0.43,0.24,-0.55
525759,0.67,0.31,-0.55
525962,-6.77,0.31,-1.16
526164,1.28,0.31,-0.55
526367,1.04,0.31,-0.55
526572,0.37,0.24,-0.61
526775,0.55,0.24,-0.55
526980,0.73,0.24,-0.55
527183,0.55,0.24,-0.55
527385,-0.18,0.24,-0.61
527589,0.31,0.24,-0.55
527791,0.98,0.24,-0.55
527994,0.61,0.31,-0.55
528196,0.24,0.24,-0.61
528400,0.92,0.31,-0.55
528604,0.55,0.31,-0.55
528808,0.49,0.31,-0.55
529012,0.49,0.24,-0.55
529215,0.37,0.24,-0.55
529420,0.73,0.24,-0.55
529623,0.49,0.24,-0.55
529826,0.43,0.24,-0.55
530029,0.43,0.24,-0.55
530232,0.55,0.31,-0.55
530435,0.61,0.31,-0.55
530638,0.43,0.31,-0.55
530842,0.61,0.31,-0.55
531045,0.49,0.24,-0.55
531247,0.31,0.24,-0.61
531450,-0.49,0.31,-0.61
531655,0.85,0.24,-0.55
531859,0.55,0.31,-0.55
532062,0.49,0.24,-0.55
532265,0.61,0.24,-0.55
532470,0.55,0.31,-0.55
532673,0.55,0.24,-0.55
532875,0.55,0.24,-0.55
533079,0.43,0.31,-0.55
533286,0.73,0.31,-0.55
533489,0.61,0.24,-0.55
533693,0.55,0.24,-0.55
533897,0.61,0.31,-0.55
534101,0.43,0.31,-0.55
534304,0.49,0.24,-0.55
534508,0.49,0.24,-0.55
534713,0.98,0.24,-0.49
534918,1.16,0.31,-0.55
535120,0.43,0.24,-0.55
535325,0.49,0.24,-0.55
535529,0.43,0.31,-0.55
535735,0.49,0.31,-0.61
535940,0.49,0.24,-0.55
536144,0.55,0.24,-0.55
536348,0.37,0.24,-0.55
536550,0.49,0.24,-0.55
536755,-0.12,0.24,-0.61
536959,1.53,0.31,-0.49
537162,0.37,0.24,-0.55
537365,0.85,0.24,-0.55
537569,0.06,0.24,-0.61
537773,0.55,0.24,-0.55
537975,0.43,0.24,-0.55
538180,0.49,0.31,-0.61
538383,0.55,0.31,-0.55
538588,0.37,0.24,-0.55
538793,0.55,0.24,-0.55
538996,0.31,0.24,-0.55
539200,0.55,0.31,-0.61
539403,0.49,0.24,-0.55
539606,0.31,0.24,-0.55
539811,0.49,0.31,-0.61
540016,0.49,0.24,-0.55
540219,0.49,0.24,-0.55
540425,0.37,0.24,-0.55
540628,0.49,0.24,-0.55
540834,0.12,0.24,-0.55
541039,0.61,0.31,-0.61
541242,0.73,0.31,-0.55
541444,7.69,-23.13,-16.54
541647,31.98,-36.01,-18.55
541852,-1.53,44.68,-37.66
542056,60.3,-25.88,-71.11
542260,-55.36,-121.58,-21.3
542463,158.51,38.15,14.77
542667,105.16,7.02,-10.13
542871,-30.21,-272.46,-84.17
543076,-182.62,-81.85,382.2
543279,100.16,125.67,-0.37
543484,162.78,-15.81,-240.66
543687,-25.88,-85.88,-8.79
543890,-128.42,1.22,-54.14
544093,-44.68,-3.3,-36.87
544296,-27.83,-17.46,2.38
544501,-29.72,31.92,13.37
544703,1.28,-9.03,20.69
544908,4.46,1.53,7.69
545112,-1.16,3.48,1.1
545316,-9.7,11.96,6.53
545520,-10.56,5.0,18.19
545724,-3.66,5.62,11.41
545927,-2.38,-5.62,4.27
546131,1.71,-6.04,-0.61
546335,1.46,-8.24,-6.35
546539,9.89,-6.41,5.8
546744,18.19,-3.42,9.22
546947,2.14,-1.16,-6.41
547151,28.99,-0.06,0.37
547355,36.74,-14.77,15.81
547559,1.16,7.02,50.54
547763,14.22,-9.34,26.25
547968,20.45,26.61,29.79
548171,-215.03,-73.55,-5.86
548375,-10.01,31.74,21.3
548579,128.66,-141.6,-22.89
548783,-0.79,-5.37,1.22
548987,20.32,3.78,8.42
549190,3.3,-1.59,0.06
549394,2.75,-0.79,-0.12
549600,0.73,-0.31,-0.61
549805,1.89,-0.06,-0.24
550010,0.12,0.0,-0.61
550213,0.18,0.06,-0.55
550416,1.16,-0.06,-0.43
550619,0.24,0.24,-0.55
550824,2.01,-0.24,-0.24
551028,-0.24,0.24,-0.73
551231,0.73,0.12,-0.55
551437,0.55,0.12,-0.55
551642,1.28,-0.06,-0.37
551845,0.85,0.18,-0.49
552049,-93.14,36.74,-50.96
552251,12.76,-10.5,-15.2
552454,23.74,-14.28,-9.28
552658,-49.13,17.88,21.85
552861,13.06,-0.06,-5.13
553065,50.29,-21.42,-9.4
553268,17.27,-5.55,11.29
553472,4.88,-6.41,-9.46
553677,-3.05,-2.26,3.23
553880,-3.72,1.1,10.62
554086,1.95,-0.73,0.37
554291,0.61,0.06,-0.37
554496,2.56,1.83,-1.53
554701,41.08,-10.99,7.45
554905,-1.22,0.55,-1.1
555110,-17.52,7.51,-5.68
555315,-2.87,-6.71,-13.06
555519,82.89,-9.58,-51.21
555722,54.75,22.89,-27.71
555927,-34.91,34.91,-11.17
556131,-50.17,106.93,-34.97
556335,-28.87,75.81,-42.3
556538,-62.62,116.94,-153.2
556742,193.6,-273.93,-189.94
556946,20.2,277.22,251.65
557150,-45.1,64.15,179.63
557354,7.2,-14.22,-17.15
557557,-14.65,-21.91,51.88
557760,11.29,-59.57,-0.18
557963,-31.25,-71.04,-46.94
558167,2.56,5.25,2.93
558373,7.69,24.35,-0.55
558577,6.59,6.77,3.85
558781,1.77,6.53,0.31
558986,4.7,-0.31,-3.42
559192,-0.31,-5.25,1.4
559397,1.77,-4.64,-5.19
559600,3.36,-3.36,0.24
559802,4.39,5.25,4.33
560006,-9.83,10.62,-2.56
560209,-48.71,4.21,-6.9
560414,-12.02,-21.97,29.36
560618,-74.28,-17.52,-4.27
560823,14.95,-13.85,18.98
561026,11.6,10.07,-4.46
561230,10.01,3.97,5.19
561434,6.96,-9.34,-4.58
561639,11.35,0.73,3.91
561842,17.52,-38.39,21.48
562046,192.5,-66.59,119.75
562249,-49.01,-38.82,-11.35
562454,77.09,70.37,94.48
562657,0.61,-14.59,-9.58
562862,0.79,-5.86,-7.2
563066,0.43,1.22,-0.43
563269,0.43,0.31,-0.55
563472,0.49,0.49,-0.43
563675,0.49,0.55,-0.43
563879,0.49,1.71,-0.37
564083,0.49,-0.43,-0.55
564286,0.49,0.37,-0.43
564490,0.49,0.06,-0.49
564692,0.49,-1.22,-0.73
564896,0.49,0.92,-0.49
565100,0.49,0.06,-0.55
565303,0.49,0.31,-0.55
565506,0.49,0.12,-0.55
565709,0.49,0.43,-0.61
565912,0.49,0.24,-0.55
566116,0.43,0.18,-0.55
566321,0.49,0.37,-0.55
566524,0.49,0.31,-0.55
566727,0.49,0.24,-0.55
566930,0.43,0.31,-0.55
567133,0.43,0.24,-0.55
567337,0.49,0.18,-0.55
567541,0.43,0.43,-0.55
567744,0.55,-0.67,-0.61
567947,0.43,0.0,-0.73
568151,0.49,0.12,-0.55
568355,0.49,0.43,-0.55
568558,0.49,0.31,-0.55
568761,0.43,0.24,-0.55
568964,0.49,0.12,-0.55
569166,0.43,0.12,-0.55
569370,0.49,0.43,-0.55
569574,0.61,0.37,-0.55
569776,0.49,0.49,-0.49
569981,0.49,0.67,-0.49
570185,0.49,0.24,-0.55
570389,0.49,0.31,-0.55
570592,0.49,1.04,-0.49
570795,0.49,0.0,-0.55
570998,0.43,0.12,-0.61
571203,0.49,0.31,-0.55
571406,0.49,0.49,-0.55
571610,0.49,0.18,-0.55
571813,0.49,-0.12,-0.55
572018,0.49,0.61,-0.55
572223,0.49,0.18,-0.55
572426,0.49,0.49,-0.55
572628,0.43,0.31,-0.55
572831,0.49,0.18,-0.55
573034,0.49,0.12,-0.61
573237,0.49,0.18,-0.55
573440,0.49,0.37,-0.55
573644,0.49,-0.06,-0.55
573848,0.49,0.12,-0.61
574051,0.49,0.61,-0.55
574256,0.49,0.43,-0.55
574459,0.49,0.12,-0.55
574665,0.49,0.31,-0.49
574868,0.43,0.18,-0.55
575071,0.49,0.24,-0.55
575275,0.49,0.18,-0.55
575479,0.49,0.31,-0.61
575682,0.49,0.31,-0.55
575885,0.49,0.31,-0.49
576088,0.49,0.37,-0.55
576290,0.43,0.49,-0.55
576494,0.43,0.06,-0.61
576697,0.43,0.06,-0.55
576900,0.49,0.31,-0.55
577104,0.49,0.24,-0.61
577307,0.49,0.37,-0.55
577511,0.55,0.49,-0.55
577714,0.43,0.18,-0.55
577917,0.49,0.43,-0.49
578120,0.49,0.24,-0.61
578324,0.49,0.49,-0.55
578526,0.49,0.18,-0.55
578730,0.55,-0.12,-0.55
578933,0.43,0.12,-0.55
579138,0.49,0.31,-0.61
579342,0.49,-2.69,-0.79
579545,0.55,-1.71,-0.61
579748,0.49,-0.92,-0.61
579952,0.43,0.61,-0.55
580156,0.43,0.31,-0.55
580359,0.49,0.12,-0.61
580563,0.43,0.43,-0.49
580767,0.49,0.55,-0.61
580971,0.49,0.43,-0.55
581174,0.49,-0.24,-0.67
581377,0.49,1.34,-0.55
581581,0.43,-0.24,-0.55
581784,0.43,-0.18,-0.61
581988,0.43,0.49,-0.55
582192,0.43,0.49,-0.55
582395,0.49,0.37,-0.55
582598,0.43,0.18,-0.55
582801,0.49,0.55,-0.49
583005,0.49,0.37,-0.55
583210,0.43,0.43,-0.55
583414,0.43,0.12,-0.55
583617,0.43,0.18,-0.55
583821,0.49,0.31,-0.55
584024,0.43,0.61,-0.49
584227,0.49,0.37,-0.55
584431,0.49,0.12,-0.61
584634,0.43,0.18,-0.61
584838,0.49,0.31,-0.55
585041,0.49,0.49,-0.55
585244,0.49,0.31,-0.61
585446,0.49,0.24,-0.61
585650,0.49,0.12,-0.55
585853,0.49,0.12,-0.55
586056,0.49,0.31,-0.55
586259,0.61,0.43,-0.55
586461,0.49,0.24,-0.61
586664,0.43,0.18,-0.55
586867,0.37,0.12,-0.55
587069,0.49,0.37,-0.55
587272,0.49,0.31,-0.55
587475,0.49,0.31,-0.55
587677,0.43,0.49,-0.55
587880,0.43,0.43,-0.49
588083,0.49,0.31,-0.55
588287,0.55,0.31,-0.55
588490,0.49,0.43,-0.55
588694,0.49,0.12,-0.55
588897,0.49,0.37,-0.61
589102,0.55,0.43,-0.55
589305,0.49,0.43,-0.55
589508,0.49,0.31,-0.55
589712,0.43,0.31,-0.55
589914,0.43,0.18,-0.55
590119,0.61,0.37,-0.55
590322,0.55,0.06,-0.61
590524,0.49,-0.06,-0.61
590727,0.49,0.0,-0.61
590930,0.49,0.49,-0.55
591134,0.49,0.43,-0.55
591336,0.49,0.24,-0.55
591539,0.55,0.73,-0.55
591742,0.55,0.43,-0.55
591946,0.49,0.37,-0.61
592149,0.49,0.18,-0.61
592351,0.49,0.31,-0.61
592554,0.43,0.43,-0.55
592756,0.43,0.49,-0.55
592959,0.49,0.49,-0.55
593162,0.49,0.31,-0.55
593365,0.49,0.18,-0.61
593569,0.37,-0.18,-0.49
593773,0.49,0.0,-0.55
593979,0.49,0.12,-0.61
594183,0.49,0.06,-0.61
594385,0.49,0.31,-0.55
594588,0.43,0.31,-0.55
594791,0.43,0.49,-0.55
594993,0.49,0.31,-0.61
595196,0.49,0.18,-0.61
595400,0.49,0.37,-0.55
595602,0.55,0.31,-0.55
595805,0.49,0.37,-0.55
596008,0.43,0.49,-0.55
596211,0.43,0.06,-0.55
596417,0.55,0.37,-0.55
596620,0.43,-2.99,-0.79
596823,0.49,-1.65,-0.73
597027,0.55,0.85,-0.55
597229,0.43,0.24,-0.55
597432,0.49,0.12,-0.61
597636,0.49,0.24,-0.55
597840,0.49,2.44,-0.55
598043,0.49,0.85,-0.43
598246,0.49,0.37,-0.55
598448,0.55,-5.37,-1.59
598652,0.43,-1.1,-0.73
598854,0.49,0.0,-0.61
599057,0.49,0.73,-0.55
599262,0.37,1.59,-0.49
599465,0.43,1.22,-0.43
599669,0.67,0.79,-5.07
599872,0.18,0.37,0.06
600075,0.55,0.12,-0.55
600279,0.37,0.55,-0.49
600482,0.43,0.37,-0.55
600685,0.49,0.31,-0.55
600888,0.49,0.31,-0.49
601091,0.49,0.24,-0.61
601294,0.49,0.24,-0.61
601497,0.49,0.31,-0.55
601701,0.49,0.31,-0.61
601905,0.37,0.31,-0.55
602109,0.55,0.24,-0.61
602312,0.49,0.24,-0.55
602515,0.43,0.31,-0.55
602718,0.49,0.31,-0.61
602920,0.49,0.31,-0.61
603123,0.49,0.24,-0.61
603326,0.49,0.24,-0.55
603530,0.49,0.31,-0.61
603733,0.55,0.24,-0.61
603936,0.49,0.24,-0.61
604140,0.55,0.31,-0.55
604342,0.49,0.24,-0.61
604546,0.43,0.24,-0.55
604750,0.49,0.18,-0.55
604953,0.49,0.24,-0.61
605157,0.49,0.31,-0.61
605360,0.49,0.24,-0.55
605566,0.43,0.24,-0.61
605770,0.55,0.31,-0.55
605973,0.49,0.24,-0.55
606176,0.49,0.31,-0.55
606379,0.49,0.24,-0.61
606582,0.49,0.24,-0.55
606784,0.49,0.31,-0.55
606987,0.49,0.24,-0.55
607191,0.49,0.31,-0.55
607394,0.49,0.31,-0.61
607598,0.43,0.31,-0.61
607802,0.49,0.31,-0.61
608006,0.43,0.24,-0.61
608209,0.49,0.24,-0.61
608412,0.49,0.24,-0.55
608614,0.49,0.24,-0.61
608816,0.49,0.24,-0.61
609020,0.43,0.24,-0.55
609223,0.49,0.24,-0.55
609426,0.49,0.24,-0.55
609629,0.49,0.37,-0.55
609832,0.43,0.31,-0.55
610035,0.49,0.24,-0.55
610237,0.55,0.24,-0.61
610441,0.55,0.31,-0.55
610643,0.43,0.24,-0.55
610846,0.49,0.31,-0.55
611048,0.55,0.31,-0.61
611252,0.43,0.31,-0.55
611454,0.49,0.18,-0.61
611657,0.43,0.24,-0.61
611859,0.43,0.37,-0.55
612062,0.49,0.31,-0.55
612264,0.49,0.24,-0.55
612466,0.49,0.24,-0.55
612669,0.43,0.31,-0.55
612871,0.49,0.31,-0.55
613074,0.49,0.24,-0.55
613277,0.43,0.31,-0.55
613479,0.49,0.31,-0.55
613682,0.49,0.31,-0.55
613885,0.49,0.24,-0.55
614088,0.37,0.31,-0.61
614292,0.49,0.31,-0.55
614495,0.49,0.24,-0.55
614699,0.49,0.31,-0.61
614901,0.49,0.24,-0.61
615106,0.49,0.24,-0.55
615310,0.49,0.31,-0.55
615512,0.43,0.24,-0.61
615715,0.49,0.31,-0.61
615917,0.49,0.24,-0.61
616120,0.49,0.18,-0.37
616323,0.67,0.18,-0.61
616525,0.43,0.31,-0.55
616728,0.55,0.37,-0.61
616930,0.43,0.31,-0.61
617133,0.49,0.24,-0.61
617335,0.43,0.24,-0.61
617538,0.43,0.31,-0.61
617740,-17.52,-111.63,1.59
617942,-235.9,-307.25,111.82
618145,-91.86,214.54,-208.74
618347,-80.87,88.5,-21.0
618550,-53.59,-156.01,257.32
618752,55.3,74.71,-111.63
618955,25.63,57.92,218.75
619158,123.72,29.3,-77.21
619361,-29.79,101.56,-52.37
619565,331.79,-20.51,-30.58
619768,12.15,-23.56,-14.53
619970,9.83,-17.21,-11.66
620173,1.22,-3.91,-4.52
620376,1.59,2.14,1.71
620578,0.06,0.79,-0.24
620782,0.12,0.18,-0.61
620985,-9.83,-1.16,32.04
621188,-6.77,-6.65,19.96
621391,-73.43,106.26,111.45
621593,8.42,-14.65,109.92
621796,59.81,-73.79,-88.38
621999,-6.41,5.07,8.0
622201,183.41,18.98,52.37
622404,-6.47,20.69,15.93
622606,61.16,-118.04,-4.03
622809,-43.33,-29.11,-23.13
623012,203.12,-22.28,15.01
623216,42.48,-48.03,-24.41
623418,28.56,12.82,-1.1
623622,33.87,-2.5,-22.4
623824,41.32,0.12,8.0
624027,222.6,352.6,-62.99
624230,186.22,106.63,35.77
624433,466.0,52.49,189.64
624635,7.69,70.43,101.38
624838,5.92,-6.29,57.01
625041,-34.79,10.07,41.2
625243,-149.05,-102.78,-90.33
625447,-106.93,6.84,-38.02
625650,-36.25,-35.95,28.14
625853,-120.24,-188.84,-52.55
626056,73.73,20.87,-24.05
626259,-1.59,37.6,23.8
626461,-17.33,-45.96,-15.56
626664,22.28,21.36,-21.55
626867,-0.67,-4.64,-62.32
627069,-72.63,78.98,-55.54
627272,5.86,166.93,38.15
627475,-208.8,21.12,44.01
627677,-80.99,50.05,4.7
627879,38.7,-28.08,-143.01
628082,-74.04,67.57,-44.43
628284,-95.4,-57.13,25.39
628487,29.91,24.05,-56.09
628689,-5.68,10.5,-36.87
628892,17.88,16.6,4.82
629095,-1.95,7.57,-5.0
629297,-9.03,-0.18,-2.81
629500,-2.38,-24.78,-30.7
629702,0.79,-0.73,-0.67
629905,-2.2,0.55,-4.39
630108,1.59,3.48,-15.75
630310,-4.76,1.77,-4.03
630513,3.66,-2.93,-0.55
630716,0.06,-1.59,-0.73
630920,-1.1,0.24,-1.83
631123,-3.72,2.08,2.75
631325,-7.39,10.31,11.66
631528,-1.77,1.89,-0.06
631731,0.73,3.66,0.49
631934,0.31,2.32,-0.61
632137,0.92,3.05,1.28
632340,-1.28,0.79,1.71
632545,1.65,0.49,1.95
632749,-0.43,-2.01,-3.42
632951,19.71,-9.95,-36.19
633154,24.96,130.07,58.35
633357,4.46,76.72,79.53
633563,-19.53,13.85,57.37
633766,44.56,-127.32,-81.3
633970,-13.85,-172.3,-81.54
634176,58.9,-199.28,-59.94
634379,73.24,-49.68,87.65
634582,112.67,0.24,-25.82
634785,18.25,44.43,-18.92
634989,-140.38,63.17,23.01
635192,-103.45,95.83,29.66
635398,20.2,-2.26,33.2
635600,17.88,1.59,9.46
635803,1.65,0.37,5.07
636005,3.97,12.45,7.26
636207,-22.58,-5.62,-3.97
636411,19.78,8.97,3.78
636614,15.75,9.34,3.66
636817,7.57,16.11,20.2
637019,12.7,-14.77,3.05
637222,62.07,-35.89,14.53
637424,43.88,-12.39,3.23
637627,17.33,5.43,-3.54
637830,42.3,-0.24,-16.91
638033,34.55,-0.55,3.3
638237,-9.64,-23.25,-28.87
638439,2.01,-8.36,-1.16
638642,-1.1,-10.86,-0.43
638845,-13.79,-7.93,-1.53
639048,-127.99,42.3,7.2
639251,-113.16,87.59,-18.43
639453,-56.4,24.11,36.19
639656,485.72,-124.15,86.18
639860,13.0,-74.4,-36.44
640064,-213.56,24.11,40.28
640266,-140.99,29.42,22.52
640469,64.15,-16.3,156.49
640671,185.85,58.84,157.1
640875,-186.04,38.45,18.74
641077,-217.9,-70.31,9.09
641280,-220.52,-169.31,-28.32
641482,350.4,-412.48,-42.48
641685,-532.23,-166.32,54.14
641888,-126.65,-114.07,-222.11
642091,-25.02,8.91,-239.14
642293,-603.76,444.52,-4.7
642496,-213.99,206.54,300.72
642699,-24.54,30.58,40.41
642902,98.33,-472.05,-101.81
643104,-187.68,140.99,-469.54
643307,240.72,-549.62,-2.2
643510,-146.79,314.15,-372.56
643714,179.44,-406.68,-162.11
643916,-215.52,223.08,-27.1
644119,358.15,-307.8,-158.02
644322,-45.59,205.69,242.92
644525,220.83,237.55,-5.55
644727,325.81,358.64,95.09
644931,230.35,115.66,108.03
645133,-50.96,307.86,198.43
645337,-100.22,-73.3,-63.17
645540,213.93,-513.37,-1.1
645743,-182.62,398.38,100.34
645946,-9.83,-325.01,-333.37
646149,-211.06,-25.51,-122.25
646352,19.41,122.68,28.38
646555,-6.53,98.75,-13.67
646758,-41.32,51.15,-11.66
646961,-36.32,73.12,-40.16
647164,-69.64,56.27,-128.05
647368,-240.23,173.1,54.5
647571,65.73,-49.62,47.06
647774,-50.84,46.75,-57.07
647978,-8.85,5.37,18.07
648182,-34.42,23.8,13.12
648386,410.77,-410.28,-550.11
648588,61.65,-172.42,-264.53
648792,31.01,93.44,10.68
648996,23.32,573.67,76.29
649198,98.69,51.76,242.31
649401,-20.2,-153.38,-207.4
649604,-344.18,14.1,-223.88
649807,-81.18,-624.21,114.5
650009,-38.21,82.09,62.93
650212,297.12,214.36,-168.58
650415,129.76,524.66,189.94
650618,21.61,47.0,498.05
